Category,Item #,Pack,Size,Brand,Description,MPC Code,CW,Cs Qty,Cs Total $,Cs Avg $,Split Qty,Split Total $,Split Avg $,Weight,Total Sales $
NA,2536555,2,150 CT,SYS CLS,BACON PRECOOKED REGULAR SLICE,811,N,24,1119.56,46.648333,0,0.1,0.2,72,1119.56.1
NA,7792187,4.0,10 LB,SYS CLS,CHICKEN CVP THIGH BNLS SKLS,78202,N,11.0,959.61,87.237272,0.0,0.0,0.0,440.0,959.61
NA,8938565,108.0,"7""",BOSCOS,BREADSTICK CHEESE FILD,17021081120,N,21.0,918.75,43.75,0.0,0.0,0.0,420.0,918.75
NA,8975898,2.0,5 LB,AUSTBLU,PORK BBQ SMKD PULLED PREMIUM,13426,N,17.0,881.45,51.85,0.0,0.0,0.0,170.0,881.45
NA,7155640,1.0,15 LB,PIERCE,CHICKEN BRD 8PC PRCK SUP-CHIC,65015,N,16.0,872.0,54.5,0.0,0.0,0.0,240.0,872.0
NA,4044558,96.0,1 OZ,GM,CEREAL CHEERIO HNYNUT GLTN FR,16000-11918,N,18.0,758.16,42.12,0.0,0.0,0.0,102.6,758.16
NA,8265585,4.0,9LB,ECOLAB,DETERGENT MACH SOLID POWER XL,6100185,N,5.0,751.95,150.39,0.0,0.0,0.0,180.0,751.95
NA,5413606,2.0,5 LB,PIERCE,CHICKEN BRST CHUNK TEMPURA,111324,N,18.0,719.1,39.95,0.0,0.0,0.0,180.0,719.1
NA,4631648,2.0,5#AVG,SPRGMTN,CHICKEN BRST DCD COOKED 1\2IN,42-03500,Y,20.0,699.0,34.95,0.0,0.0,0.0,200.0,699.0
NA,2565539,2.0,20 LB,WHLFCLS,EGG WHL LIQUID FRSH W/CITRC,74865-35081-00,N,11.0,673.31,61.21,0.0,0.0,0.0,440.0,673.31
NA,7098169,1.0,EA,SOTF,SUPPLY SOTF JANSAN,SOTFJANSAN0EB,N,1.0,655.26,655.26,0.0,0.0,0.0,6.0,655.26
NA,5061643,1.0,35 LB,SYS CLS,OIL SALAD CANOLA ZTF,5020473,N,16.0,639.04,39.94,0.0,0.0,0.0,560.0,639.04
NA,3769106,100.0,60 GAL,SYS CLS,LINER TRASH 38X58 1.5 ML CLR,H7658ACS,N,11.0,629.2,57.2,0.0,0.0,0.0,178.2,629.2
NA,1114016,80.0,4 OZ,FIREREL,BEEF PATTY 80/20 RND FRZ,7701174,N,10.0,574.04,57.404,0.0,0.0,0.0,200.0,574.04
NA,7087133,200.0,.75 OZ,JIF,PEANUT BUTTER CREAMY CUP,5150008051,N,17.0,563.04,33.12,0.0,0.0,0.0,159.375,563.04
NA,5335544,20.0,16 IN,RICHS,DOUGH PIZZA SELF RISE 16IN,3604,N,12.0,562.08,46.84,0.0,0.0,0.0,442.56,562.08
NA,0566838,4.0,10# AV,FIRECLS,BEEF GRND BULK 81/19 CHUB FRS,66838,Y,4.0,557.46,139.365,0.0,0.0,0.0,161.88,557.46
NA,6738928,48.0,4 OZ,JUSTBGL,BAGEL EVERYTHING SLI,743672002551,N,25.0,532.25,21.29,0.0,0.0,0.0,300.0,532.25
NA,5494291,1.0,15 LB,RNCHGRL,BACON LAYFLAT 14/18 SMOKED #2,10521-2895,N,10.0,532.1,53.21,0.0,0.0,0.0,150.0,532.1
NA,3222686,4.0,1 GAL,SYS CLS,OIL CANOLA SAL,210602,N,11.0,527.34,47.94,0.0,0.0,0.0,337.92,527.34
NA,7573280,72.0,2 CT,KELLOGG,POP TART STWBRY FRSTD POUCH,3800031732,N,12.0,512.04,42.67,0.0,0.0,0.0,222.0,512.04
NA,7203474,4.0,10 LB,SYS CLS,CHICKEN CVP BRST B/S RDM JUMBO,78204,N,6.0,480.12,80.02,0.0,0.0,0.0,240.0,480.12
NA,5741701,40.0,4 OZ,BCH BLK,PORK CHOP B/I C/C 4 OZ SEAS,5741701,N,11.0,474.43,43.13,0.0,0.0,0.0,110.0,474.43
NA,1012566,10.0,3 LB,WHLFIMP,CHEESE CREAM LOAF,STK11772,N,7.0,407.78,58.254285,11.0,63.91,5.81,243.0,471.69
NA,4427860,12.0,17.7OZ,BKRSIMP,BREAD BAGUETTE FRCH RUSTIC,18654,N,19.0,467.02,24.58,0.0,0.0,0.0,228.0,467.02
NA,6055800,96.0,1 OZ,GM,CEREAL CINN TST RDUC SUG BWLPK,16000-29444,N,11.0,463.32,42.12,0.0,0.0,0.0,66.0,463.32
NA,3554611,8.0,1.5 LB,BBRLIMP,CHEESE CHDR SHRP SLI INT .75 Y,SYS3554611,N,13.0,460.1,35.392307,0.0,0.0,0.0,156.0,460.1
NA,0951923,10.0,100 CT,SYS REL,GLOVE LATEX FDSVC PF MED,304763372,N,4.0,459.28,114.82,0.0,0.0,0.0,56.64,459.28
NA,2329443,6.0,5LB,AREZIMP,CHEESE MOZZARELLA LMWM SHRD,1008901,N,7.0,457.99,65.427142,0.0,0.0,0.0,210.0,457.99
NA,5435177,8.0,16 OZ,TRIO,SAUCE MIX ALFREDO,10050000385024,N,7.0,439.6,62.8,0.0,0.0,0.0,56.0,439.6
NA,7098176,1.0,EA,SOTF,SUPPLY SOTF TABLEWARE,SOTFTABLEWARE,N,1.0,411.18,411.18,0.0,0.0,0.0,6.0,411.18
NA,2491561,4.0,6 LB,SYS CLS,ENTREE LASAGNA MEAT,91561,N,6.0,390.06,65.01,0.0,0.0,0.0,140.4,390.06
NA,5361363,10.0,100 CT,SYS IMP,GLOVE LATEX EXAM PF SML,304750158,N,3.0,372.48,124.16,0.0,0.0,0.0,40.86,372.48
NA,1810482,1.0,20 LB,SPRGMTN,CHICKEN BRST MAR FIL 6-8 OZ,3186,N,6.0,372.3,62.05,0.0,0.0,0.0,120.0,372.3
NA,1624329,36.0,4 OZ,SYS CLS,CHICKEN BRST CORDON BLEU ROYAL,10000062432,N,8.0,371.84,46.48,0.0,0.0,0.0,72.0,371.84
NA,5746987,100.0,1 OZ,TSTPLSR,SAUCE MARINARA CUP,716037000189,N,21.0,357.21,17.01,0.0,0.0,0.0,131.25,357.21
NA,4691149,6.0,2 LB,PERDUE,TURKEY BREAST SLI O/RSTD FRSH,75121,N,6.0,353.46,58.91,0.0,0.0,0.0,72.0,353.46
NA,8819492,6.0,2.5 LB,SIMPRST,VEGETABLE BLEND FAJITA PPR&ON,10071179677796,N,11.0,344.52,31.32,0.0,0.0,0.0,165.0,344.52
NA,0951949,10.0,100 CT,SYS REL,GLOVE LATEX FDSVC PF XL,304763374,N,3.0,344.46,114.82,0.0,0.0,0.0,43.92,344.46
NA,2431178,2.0,5 LB,NATHANS,FRANK ALL-BEEF 6X1 6 IN FZ,88313097108,N,10.0,337.5,33.75,0.0,0.0,0.0,100.0,337.5
NA,2023679,4.0,5 LB,SYS CLS,CHICKEN CVP BRST B/S 4 OZ,54418,N,4.0,321.48,80.37,0.0,0.0,0.0,80.0,321.48
NA,3031442,36.0,1 LB,WHLFIMP,BUTTER SOLID UNSLTD USDA AA,3178,N,4.0,311.86,77.965,0.0,0.0,0.0,144.0,311.86
NA,5511910,104.0,1 OZ,DORITOS,CHIP TORTILLA COOLER RANCH SS,11137,N,9.0,305.1,33.9,0.0,0.0,0.0,58.5,305.1
NA,8584425,5.0,11#AVG,BCH BLK,BEEF BRISKET CH,D7107AHA,Y,1.0,303.42,303.42,0.0,0.0,0.0,66.7,303.42
NA,9713611,1.0,9-11#,BBRLSUP,TURKEY BRST NAT BRN PAN,13611,Y,7.0,303.17,43.31,0.0,0.0,0.0,66.33,303.17
NA,2306753,10.0,100 CT,SYS CLS,GLOVE NITRILE FDSRV PF BLU MED,304363282,N,2.0,299.32,149.66,0.0,0.0,0.0,18.56,299.32
NA,1912987,96.0,1 OZ,GM,CEREAL LUCKY CHARM GLTNFR BWL,16000-31917,N,7.0,294.84,42.12,0.0,0.0,0.0,42.0,294.84
NA,7859984,1.0,500 CT,HANGARD,BAG PLAS 10X8X24 XHVY 1.25ML,304985492,N,8.0,289.36,36.17,0.0,0.0,0.0,149.2,289.36
NA,2366607,15.0,2 LB,WHLFCLS,EGG WHL LIQ FRSH W/CITRIC TFF,74865-29434-00,N,6.0,287.82,47.97,0.0,0.0,0.0,180.0,287.82
NA,8337503,8.0,2#TRAY,CASAIMP,AVOCADO HASS FRS CHNK PULP PPT,10074865816677,N,5.0,286.2,57.24,0.0,0.0,0.0,80.0,286.2
NA,0376071,12.0,1.3#AV,BCH PRM,PORK TENDERLOIN AN FZ,1709,Y,4.0,282.99,70.7475,0.0,0.0,0.0,74.49,282.99
NA,7725684,6.0,11#AVG,PACKER,BEEF KNUCKLE HALAL,,Y,1.0,278.47,278.47,0.0,0.0,0.0,65.4,278.47
NA,7040504,320.0,1 OZ,OTSPKMY,DOUGH COOKIE CHOCOLATE CHIP,58100,N,8.0,277.44,34.68,0.0,0.0,0.0,160.0,277.44
NA,8754939,30.0,2#UP,CAB,BEEF SIRL BALL TIP CH 185B,D4496AH,Y,1.0,277.0,277.0,0.0,0.0,0.0,58.01,277.0
NA,8083552,104.0,1 OZ,FRITOS,CHIP CORN ORIG SS,32405,N,8.0,271.2,33.9,0.0,0.0,0.0,64.0,271.2
NA,5511183,104.0,1 OZ,LAYS,CHIP POTATO SRCRM & ONION SS,11054,N,8.0,271.2,33.9,0.0,0.0,0.0,52.0,271.2
NA,5511134,104.0,1 OZ,LAYS,CHIP POTATO BBQ SS,11044,N,8.0,271.2,33.9,0.0,0.0,0.0,52.0,271.2
NA,5527403,104.0,1 OZ,RUFFLES,CHIP POTATO RIDGED ORIG SS,11061,N,8.0,271.2,33.9,0.0,0.0,0.0,52.0,271.2
NA,8974529,2.0,14-19#,BBRLCLS,HAM PIT BNLS HCKRY SMKD W/A,74865570270,Y,3.0,270.58,90.193333,0.0,0.0,0.0,102.2,270.58
NA,0124636,10.0,12 CT,SYS CLS,BUN HAMBURGER PLAIN 4IN 1.72OZ,51706,N,9.0,270.55,30.061111,0.0,0.0,0.0,114.75,270.55
NA,2101855,12.0,2 LB,SYS IMP,BEAN GREEN WHOLE IQF NWP,74865-24917,N,8.0,265.6,33.2,0.0,0.0,0.0,192.0,265.6
NA,7064617,12.0,70 CT,SYS IMP,CUP PLAS PET CLR 16 OZ,YP160CSYSA,N,4.0,264.6,66.15,0.0,0.0,0.0,114.816,264.6
NA,1826254,72.0,2.4OZ,SYS CLS,WAFFLE BELGIAN 4 IN,7486506376,N,8.0,257.92,32.24,0.0,0.0,0.0,72.0,257.92
NA,2145241,2.0,150 CT,SMTHFLD,BACON PRECOOKED SLI HEAT & EAT,10070247125009,N,6.0,257.64,42.94,0.0,0.0,0.0,22.5,257.64
NA,0055493,3.0,3 LTR,SUNKSTS,JUICE APPLE CONC 5+1,10011100007742,N,4.0,249.64,62.41,0.0,0.0,0.0,100.8,249.64
NA,2436210,4.0,5 LB,SYS CLS,CHICKEN CVP BRST B/S 6 OZ,54823,N,3.0,245.37,81.79,0.0,0.0,0.0,60.0,245.37
NA,6429534,2.0,8-10#,BBRLIMP,TURKEY BRST OIL BRWN IMP,2265591282,Y,4.0,242.41,60.6025,0.0,0.0,0.0,62.38,242.41
NA,1971911,2.0,5LB,SYS CLS,CORN DOG CHKN MINI WHL GRN CN,71911,N,11.0,241.34,21.94,0.0,0.0,0.0,110.0,241.34
NA,4939476,120.0,1 OZ,MARZETI,DRESSING RANCH CUP,83984,N,12.0,236.88,19.74,0.0,0.0,0.0,90.0,236.88
NA,5478480,10.0,100 CT,SYS CLS,GLOVE LATEX FDSRV PWDRFREE LRG,304750173,N,2.0,236.68,118.34,0.0,0.0,0.0,30.32,236.68
NA,6738936,48.0,4 OZ,JUSTBGL,BAGEL PLAIN SLI,251,N,11.0,234.85,21.35,0.0,0.0,0.0,132.0,234.85
NA,7074703,12.0,32 OZ,SMPLYPB,MILK OAT BARISTA PB,11215,N,8.0,234.24,29.28,0.0,0.0,0.0,201.6,234.24
NA,4395378,24.0,250 CT,DIXEULT,NAPKIN DSPNSR 6.5X9.85 BRWN 2P,32019,N,6.0,234.18,39.03,0.0,0.0,0.0,125.4,234.18
NA,0951998,10.0,100 CT,SYS REL,GLOVE VINYL FDSVC PF MED,304363302,N,3.0,227.43,75.81,0.0,0.0,0.0,31.17,227.43
NA,7180995,1.0,10 LB,SYS CLS,SAUSAGE KIELBASA ROPE,80995-070,N,6.0,226.8,37.8,0.0,0.0,0.0,60.0,226.8
NA,3522794,216.0,2.2 OZ,BKRSIMP,DOUGH BISCUIT SOTHRN STY,9092,N,6.0,224.88,37.48,0.0,0.0,0.0,178.2,224.88
NA,2836975,288.0,SLICE,HORMEL,BACON PRECOOKED C/C 13/17 BCN1,20182,N,2.0,217.76,108.88,0.0,0.0,0.0,14.0,217.76
NA,4321713,4.0,10 LB,SYS CLS,CHICKEN CVP BRST TRIM SM BIRD,56,N,3.0,209.49,69.83,0.0,0.0,0.0,120.0,209.49
NA,2000139,6.0,4.5LB,SYS IMP,POTATO FRY SKON WAFFLE,10734730409457,N,6.0,208.8,34.8,0.0,0.0,0.0,162.0,208.8
NA,0055507,3.0,3 LTR,SUNKSTS,JUICE ORANGE FZN CONC 3X3L 4+1,10000650,N,3.0,207.54,69.18,0.0,0.0,0.0,73.32,207.54
NA,2467736,3.0,3 LB,AREZCLS,PASTA TORTELLINI CHEESE PRECKD,7736,N,7.0,207.2,29.6,0.0,0.0,0.0,63.0,207.2
NA,4003109,6.0,2.5 LB,SYS CLS,POTATO HASH BRN REDI-SHRD,4003109,N,5.0,207.05,41.41,0.0,0.0,0.0,75.0,207.05
NA,5886381,2.0,10 LB,SYS CLS,BACON LAYFLAT C/C 14/18 APL GF,1068,N,2.0,204.6,102.3,0.0,0.0,0.0,40.0,204.6
NA,4384214,168.0,1OZ,AREZIMP,CHEESE MOZZ STRING,1008741,N,6.0,200.28,33.38,0.0,0.0,0.0,63.0,200.28
NA,1102995,2.0,8-10#,SYS IMP,TURKEY BRST BNLS RAW FOIL,2265570132,Y,3.0,194.08,64.693333,0.0,0.0,0.0,56.06,194.08
NA,7168746,252.0,1.45OZ,CHRISTI,DOUGH COOKIE CHOC CHIP,39134,N,4.0,192.72,48.18,0.0,0.0,0.0,91.352,192.72
NA,7064540,2.0,75 CT,ERTHPLS,CONTAINER PAPER HNG 9X9 1C FBR,7064540,N,4.0,191.96,47.99,0.0,0.0,0.0,48.96,191.96
NA,4360901,6.0,2 LB,WHLFCLS,YOGURT PLAIN GREEK NON-FAT,STK18131,N,8.0,188.88,23.61,0.0,0.0,0.0,96.0,188.88
NA,5751094,48.0,3 OZ,BKRSIMP,CROISSANT BUTTER RND SLI,5751094,N,5.0,188.11,37.622,0.0,0.0,0.0,38.25,188.11
NA,7524455,6.0,800 FT,ENMTION,TOWEL ROLL ENMOTION BRN HICAP,89480,N,4.0,183.36,45.84,0.0,0.0,0.0,160.44,183.36
NA,9907433,12.0,16 OZ,SMPLYPB,TOFU EXTRA FIRM WTR PK NON-GMO,140549,N,11.0,182.16,16.56,0.0,0.0,0.0,132.0,182.16
NA,8106833,6.0,2 LB,HORMEL,TURKEY BREAST SLI OIL BRN 1 OZ,32493,N,3.0,178.83,59.61,0.0,0.0,0.0,36.0,178.83
NA,2819649,4.0,5LB,CASAIMP,CHEESE CHDR MILD FCY SHRD YEL,1093CS,N,4.0,178.34,44.585,0.0,0.0,0.0,80.0,178.34
NA,4805669,2000.0,EA,SYSCO,GUEST CHECK NO CARB 2 PART GRN,G4797,N,2.0,177.58,88.79,0.0,0.0,0.0,34.0,177.58
NA,2744427,5.0,2LB,SYS REL,TOAST FRENCH STICKS BTRD WG,1000001257,N,8.0,174.64,21.83,0.0,0.0,0.0,80.0,174.64
NA,8351112,6.0,2LB,HORMEL,TURKEY BREAST SLI NAT RST FRSH,10409,N,3.0,174.21,58.07,0.0,0.0,0.0,36.0,174.21
NA,7626013,1.0,35 LB,SYS CLS,SHORTENING FRY CANOLA CLR ZTF,110032616,N,4.0,167.36,41.84,0.0,0.0,0.0,140.0,167.36
NA,1323939,3.0,5 LB,BBRLIMP,CHEESE CUBE CHED/SWISS/PEP JCK,1012269,N,4.0,166.19,41.5475,0.0,0.0,0.0,60.0,166.19
NA,6046902,8.0,6-9#AV,BCH BLK,PORK BUTT BNLS 1/4 6-9#EA,6916,Y,1.0,161.99,161.99,0.0,0.0,0.0,59.6,161.99
NA,7670021,2.0,1GAL,KEYSTON,DELIMER DESCALER LIME AWAY RTU,6100053,N,4.0,159.2,39.8,0.0,0.0,0.0,68.8,159.2
NA,4295978,24.0,10 OZ,CAN DRY,SODA TONIC WATER,1690000303,N,11.0,158.95,14.45,0.0,0.0,0.0,319.0,158.95
NA,7435332,1.0,24IN,SYS CLS,FILM PVC 2000FT ROLL,9068,N,6.0,155.7,25.95,0.0,0.0,0.0,76.2,155.7
NA,5231238,4.0,10 LB,SYS REL,CHICKEN CVP BRST BS RDM JB MAR,78205,N,2.0,154.84,77.42,0.0,0.0,0.0,80.0,154.84
NA,7285455,1.0,20 LB,SYS REL,MANGO CHUNK IQF,74865452298,N,4.0,153.62,38.405,0.0,0.0,0.0,84.0,153.62
NA,4190080,3.0,3 L,SUNKSTS,JUICE CONC FRZ ORG GV PAS 5+1,12306059,N,3.0,153.3,51.1,0.0,0.0,0.0,74.46,153.3
NA,2282234,12.0,2 LB,SYS CLS,SPINACH CHOPPED IQF,10074865280454,N,4.0,152.44,38.11,0.0,0.0,0.0,96.0,152.44
NA,5684618,3.0,1.5GAL,COFMATE,CREAMER COFFEE LIQ FRNCH VAN,50000411221USL,N,2.0,152.0,76.0,0.0,0.0,0.0,82.462,152.0
NA,8850919,20.0,50 CT,FABRKAL,CUP PLAS CLR GREENWARE 9 OZ,9509100,N,2.0,151.88,75.94,0.0,0.0,0.0,35.28,151.88
NA,1994294,6.0,5LB,SYS REL,POTATO FRY KK 1/2,10734730408559,N,6.0,151.2,25.2,0.0,0.0,0.0,180.0,151.2
NA,4826164,40.0,4OZ,BEYMEAT,BURGER VEG BEYOND PATTY,4668,N,2.0,147.7,73.85,0.0,0.0,0.0,20.0,147.7
NA,2508091,6.0,6 LB,LAMB,POTATO DICE BKFST PRIV RESV,32N,N,4.0,147.64,36.91,0.0,0.0,0.0,144.0,147.64
NA,8053456,4.0,10 LB,SYS CLS,CHICKEN CVP THIGH BNL/SKL FRZN,7792187,N,2.0,143.7,71.85,0.0,0.0,0.0,80.0,143.7
NA,2496624,12.0,12 CNT,BKRSCLS,BUN HOT DOG WHITE 6 HINGD,54607120,N,5.0,143.05,28.61,0.0,0.0,0.0,76.5,143.05
NA,7187004,4.0,112 OZ,GHIRAD,MIX CAKE CHOCOLATE ULTIMATE,732-6120,N,2.0,142.64,71.32,0.0,0.0,0.0,61.0,142.64
NA,1414671,24.0,10 OZ,SHASTA,SODA CLUB,1405057,N,11.0,142.45,12.95,0.0,0.0,0.0,278.3,142.45
NA,6483853,8.0,38OZ,DAWN D,DETERGENT HAND LIQ DISHWASHING,3700045112,N,4.0,140.52,35.13,0.0,0.0,0.0,80.0,140.52
NA,5559943,6.0,946ML,ECOLAB,POLISH STNLS MDALLN NON ARSL,6118424,N,2.0,139.38,69.69,0.0,0.0,0.0,20.82,139.38
NA,4045753,6.0,5LB,GM,MIX CAKE WHITE COMPLT,16000-11132,N,2.0,138.66,69.33,0.0,0.0,0.0,63.7,138.66
NA,4045761,6.0,5LB,GM,MIX CAKE YELLOW COMPLT,16000-11152,N,2.0,138.66,69.33,0.0,0.0,0.0,63.4,138.66
NA,2368793,2.0,5 LB,AREZCLS,MEATBALL PK/BF ITAL STYL .5 OZ,2-6550-05,N,4.0,138.24,34.56,0.0,0.0,0.0,40.0,138.24
NA,7019993,60.0,2.65OZ,DELIFRN,CROISSANT CHOC RTB LARGE,27235,N,3.0,138.12,46.04,0.0,0.0,0.0,29.76,138.12
NA,1480037,6.0,4 LB,SYS IMP,BRUSSEL SPROUT MED GR A IQF,1480037,N,4.0,137.56,34.39,0.0,0.0,0.0,96.0,137.56
NA,5812393,4.0,6-10#,BCH BLK,PORK LOIN CC BNLS STRP/ON,25070,Y,2.0,137.25,68.625,0.0,0.0,0.0,75.2,137.25
NA,7098174,1.0,EA,SOTF,SUPPLY SOTF KITCHEN,SOTFKITCHEN,N,1.0,136.08,136.08,0.0,0.0,0.0,6.0,136.08
NA,4596843,4.0,750 ML,KEYSTON,SOAP HAND AB FOAM ADVANCED,6101146,N,3.0,135.87,45.29,0.0,0.0,0.0,19.83,135.87
NA,7014468,4.0,3 L,GENESIO,OIL OLIVE EXTRA VIRGIN ITALY,90400,N,2.0,135.7,67.85,0.0,0.0,0.0,51.2,135.7
NA,8376931,1.0,EACH,NONPROD,CHARGE FREIGHT,CHARGE0FREIGHT,N,3.0,134.43,44.81,0.0,0.0,0.0,3.0,134.43
NA,3206887,6.0,.5 GAL,KIKOMAN,SAUCE SOY TAMARI GLUTEN FREE,158,N,2.0,134.42,67.21,0.0,0.0,0.0,58.56,134.42
NA,6929594,8.0,5 LB,TYSON,CHICKEN WING IQF 1&2 JMBO,10132610928,N,1.0,131.85,131.85,0.0,0.0,0.0,40.0,131.85
NA,4002416,4.0,1 GAL,SYS IMP,MAYONNAISE CULINARY PREM,71388SYS,N,3.0,131.76,43.92,0.0,0.0,0.0,89.4,131.76
NA,4676306,4.0,1 GAL,WHLFCLS,MILK WHL GALLON,61196,N,7.0,130.67,18.667142,0.0,0.0,0.0,240.8,130.67
NA,3521143,6.0,3 LB,LAMB,POTATO PANCAKE MINI,K39,N,4.0,129.88,32.47,0.0,0.0,0.0,72.0,129.88
NA,1994449,6.0,5LB,SYS REL,POTATO FRY STEAK,10734730408573,N,5.0,129.64,25.928,0.0,0.0,0.0,150.0,129.64
NA,4390807,5.0,3 LB,SYS IMP,POTATO FRY SWEET WFFL WFFL,SY005,N,4.0,129.32,32.33,0.0,0.0,0.0,60.0,129.32
NA,3292804,6.0,14 OZ,SUSTAIN,PAN COATING SUNFL ARSL NONGMO,1132000SW,N,4.0,124.56,31.14,0.0,0.0,0.0,21.2,124.56
NA,1101492,1.0,10 LB,PORTCLS,CATFISH FIL SHANK BRD 4 OZ USA,AQA1101492,N,2.0,124.38,62.19,0.0,0.0,0.0,20.0,124.38
NA,5466115,100.0,60 GAL,SYS CLS,LINER TRASH 38X58 1.6M BLK,H7658KSX04,N,2.0,121.94,60.97,0.0,0.0,0.0,47.0,121.94
NA,1261419,1.0,EA,ECOLAB,THERMOMETER DGTL PKT DT 392,43001-01-11,N,12.0,121.8,10.15,0.0,0.0,0.0,1.2,121.8
NA,5844220,6.0,#10,CASACLS,BEAN BLACK,5844220,N,5.0,121.6,24.32,0.0,0.0,0.0,225.0,121.6
NA,6743530,64.0,1.375Z,MSVICKI,CHIP POTATO SALT & VNGR KETTLE,44446,N,4.0,121.48,30.37,0.0,0.0,0.0,22.0,121.48
NA,5769375,12.0,1000FT,SYS CLS,TISSUE TOILET JUMBO 2PLY WHT,TJ0922A-SYS,N,4.0,121.4,30.35,0.0,0.0,0.0,88.984,121.4
NA,4518403,1.0,35 LB,SYS REL,SHORTENING FRY LIQ CLR ZTF,5020553,N,3.0,121.29,40.43,0.0,0.0,0.0,105.0,121.29
NA,7101689,6.0,32 OZ,TAZO,TEA CHAI CLASSIC CONC,67834630,N,8.0,120.08,15.01,0.0,0.0,0.0,96.0,120.08
NA,6641328,12.0,6 CT,BKRSCLS,ROLL HOAGIE HEARTH HINGED 6IN,31644,N,5.0,119.95,23.99,0.0,0.0,0.0,60.25,119.95
NA,5812534,6.0,2 PC,BCH BLK,PORK TENDERLOIN 1.5 DN FRESH,6922,Y,3.0,119.29,39.763333,0.0,0.0,0.0,43.6,119.29
NA,5469259,2.0,2.2 LB,BBRLIMP,CHEESE BRIE WHL DOMSTC 1 KG,7000820,N,6.0,118.8,19.8,0.0,0.0,0.0,26.4,118.8
NA,7132033,96.0,1.5 OZ,HSRCCLS,DRESSING RANCH DIP CUP,23093-SYS,N,6.0,118.26,19.71,0.0,0.0,0.0,54.0,118.26
NA,9234246,60.0,EA,KELLOGG,CEREAL ASSORTED FAV CUP PAK,3800012611,N,2.0,115.76,57.88,0.0,0.0,0.0,18.0,115.76
NA,8709986,8.0,2 LB,HOUSE,TOFU FIRM ORGANIC BIBIBOP,1129,N,4.0,115.76,28.94,0.0,0.0,0.0,80.0,115.76
NA,5478191,10.0,100 CT,SYS CLS,GLOVE LATEX FDSRV PWDR LG,304750183,N,1.0,115.17,115.17,0.0,0.0,0.0,15.175,115.17
NA,7358223,1.0,30 LB,PATAGON,STRAWBERRY IQF,45004,N,3.0,114.57,38.19,0.0,0.0,0.0,90.0,114.57
NA,7383482,6.0,3 LB,MCCAIN,POTATO PANCAKE MINI BABYCAKE,MCF03758,N,3.0,114.18,38.06,0.0,0.0,0.0,54.0,114.18
NA,3362274,6.0,#10,CASACLS,BEAN PINTO FCY,3362274,N,5.0,113.3,22.66,0.0,0.0,0.0,208.125,113.3
NA,4094645,4.0,31 OZ,KELLOGG,CEREAL FROOT LOOPS,3800001791,N,3.0,112.89,37.63,0.0,0.0,0.0,24.9,112.89
NA,6920219,10.0,10 CT,SYS IMP,APTZR BEEF DLX WELLINGTON,6920219,N,1.0,112.87,112.87,0.0,0.0,0.0,5.3,112.87
NA,4350963,4.0,1 GAL,ECOLAB,DETERGENT MACH SUPM TRUMP,6112740,N,2.0,112.14,56.07,0.0,0.0,0.0,86.0,112.14
NA,4978965,6.0,10#,AREZIMP,SAUCE MARINARA PREMIUM CA,4978965,N,3.0,109.5,36.5,0.0,0.0,0.0,118.125,109.5
NA,1155647,1.0,30 LB,MAJESTY,PORK RIB LOIN BK WDE 16-22 OZ,1648,N,1.0,109.15,109.15,0.0,0.0,0.0,30.0,109.15
NA,4360893,6.0,2 LB,WHLFCLS,YOGURT VANILLA LOW FAT,STK10541,N,8.0,108.4,13.55,0.0,0.0,0.0,96.0,108.4
NA,4730424,6.0,10#,AREZCLS,SAUCE MARINARA PREMIUM MW,ARRNA99,N,4.0,107.4,26.85,0.0,0.0,0.0,157.5,107.4
NA,4645388,3.0,2 LB,SYS CLS,WALNUT HALF & PIECES,4645388,N,2.0,106.28,53.14,0.0,0.0,0.0,12.0,106.28
NA,7038538,8.0,20 OZ,LNBAKHS,BREAD WHL GRN GF WIDE PAN SLI,10671521410509,N,3.0,106.17,35.39,0.0,0.0,0.0,30.0,106.17
NA,9939950,4.0,1 GAL,SYS REL,MAYONNAISE HEAVY DUTY LIBERTY,13820SYS,N,3.0,104.85,34.95,0.0,0.0,0.0,91.2,104.85
NA,6438545,1.0,15 LB,RNCHGRL,BACON LAYFLAT RANDOM SMKD #2,3478,N,2.0,103.3,51.65,0.0,0.0,0.0,30.0,103.3
NA,9786021,20.0,8 OZ,SYS CLS,PIE SHELL RTB 10IN VEG,7228,N,4.0,102.72,25.68,0.0,0.0,0.0,40.0,102.72
NA,4065165,4.0,39 OZ,GM,CEREAL CHEERIO HNY NUT GLTN FR,16000-11988,N,2.0,102.5,51.25,0.0,0.0,0.0,21.6,102.5
NA,2368785,2.0,5 LB,AREZIMP,TOPPING PIZZA SAUSG ITAL 12/OZ,68785-0071,N,3.0,101.52,33.84,0.0,0.0,0.0,30.0,101.52
NA,7097104,4.0,1 GAL,SYS IMP,OLIVE GREEN QN STF PIM100/120,22917,N,1.0,101.48,101.48,0.0,0.0,0.0,20.0,101.48
NA,7152366,40.0,4 OZ,SYS CLS,BEEF FRITTER STEAK,10000052366,N,3.0,98.94,32.98,0.0,0.0,0.0,30.0,98.94
NA,6235501,8.0,1 LB,PACKER,STRAWBERRY FRESH,,N,4.0,98.47,24.6175,0.0,0.0,0.0,40.0,98.47
NA,5330717,5.0,100 CT,SYS CLS,APRON POLY SMOOTH WHT 28X46 LT,303766407,N,0.0,0.0,0.0,6.0,98.04,16.34,30.48,98.04
NA,6986178,5.0,20 CT,SYS IMP,APTZR SPANAKOPITA,6986178,N,2.0,96.44,48.22,0.0,0.0,0.0,7.5,96.44
NA,4215406,4.0,35 OZ,GM,CEREAL LUCKY CHARM GLTN FR BLK,16000-11998,N,2.0,96.06,48.03,0.0,0.0,0.0,19.8,96.06
NA,1116532,80.0,2 OZ,SYS CLS,SAUSAGE PORK PATTY RAW MILD,19727,N,3.0,95.25,31.75,0.0,0.0,0.0,30.0,95.25
NA,8352884,1.0,10 LB,SYS CLS,CHICKEN MEAT DICED WHT.5 MARN,63347,N,3.0,95.13,31.71,0.0,0.0,0.0,30.0,95.13
NA,7064412,20.0,50 CT,ERTHPLS,CUP PAPER PLA HOT 16 OZ,7064412,N,1.0,94.14,94.14,0.0,0.0,0.0,29.93,94.14
NA,0579425,1.0,9 LB,HORMEL,SAUSAGE SMOKED ROPE,22038,N,3.0,93.69,31.23,0.0,0.0,0.0,27.0,93.69
NA,7006331,1.0,2.5GAL,ECOLAB,SANITIZER OASIS 146 MULTI QUAT,6100536,N,1.0,92.48,92.48,0.0,0.0,0.0,20.8,92.48
NA,7435266,1.0,18 IN,SYS CLS,FILM PVC ROLL 2000FT,9063,N,5.0,92.25,18.45,0.0,0.0,0.0,48.0,92.25
NA,4361432,6.0,5 LB,SYS CLS,HONEY PURE CLOVER GR A JUG,PF4102,N,1.0,91.15,91.15,0.0,0.0,0.0,31.0,91.15
NA,6744082,64.0,1.5OZ,RUFFLES,CHIP POTATO CHD SRCRM RDGD BG,44365,N,3.0,91.11,30.37,0.0,0.0,0.0,18.0,91.11
NA,5111976,6.0,#10,EMPRESS,OLIVE RIPE SLICED,491073600,N,2.0,91.0,45.5,0.0,0.0,0.0,88.0,91.0
NA,5889654,2.0,5 LTR,AREZIMP,VINEGAR BALSAMIC ITALY,10074865302743,N,3.0,87.66,29.22,0.0,0.0,0.0,66.0,87.66
NA,0013553,6.0,5LB,ORE IDA,POTATO TATER TOT VERSITOT,OIF00215A,N,3.0,85.65,28.55,0.0,0.0,0.0,90.0,85.65
NA,3791845,4.0,1/2GAL,GRECDEL,DIP HUMMUS RSTD RED PPR,4310,N,2.0,84.5,42.25,0.0,0.0,0.0,30.0,84.5
NA,8416970,2.0,5 LB,TYSONRL,CHICKEN TNDR FTR HMSTY PCK NAE,10383630928,N,3.0,84.42,28.14,0.0,0.0,0.0,30.0,84.42
NA,5593702,12.0,2 LB,SYS CLS,SUGAR BROWN LIGHT CANE,432454,N,3.0,84.12,28.04,0.0,0.0,0.0,72.0,84.12
NA,7064466,15.0,61 CT,ERTHPLS,LID PLASTIC PLA CLR,7064466,N,2.0,83.54,41.77,0.0,0.0,0.0,12.104,83.54
NA,1630607,12.0,20 OZ,BKRSCLS,BREAD WHEAT RND TOP SLI,12701,N,3.0,83.07,27.69,0.0,0.0,0.0,45.0,83.07
NA,8563132,48.0,4 OZ,SYS CLS,CHICKEN PHILLY BRKWY MARN,8563132,N,2.0,81.96,40.98,0.0,0.0,0.0,24.0,81.96
NA,4156444,4.0,1 GAL,SYS CLS,DRESSING HONEY MUSTARD,12856SYS,N,1.0,46.09,46.09,3.0,34.56,11.52,58.8,80.65
NA,1851765,96.0,2OZ,J DEAN,SAUSAGE PORK PATTY,10000019217,N,2.0,80.5,40.25,0.0,0.0,0.0,24.0,80.5
NA,4948287,6.0,5LB,SYS CLS,MIX PANCAKE BTRMLK GLDC COMPLT,4948287,N,3.0,80.31,26.77,0.0,0.0,0.0,90.0,80.31
NA,9312596,24.0,14 OZ,CASACLS,MILK CONDENSED SWEETENED,7486585259,N,2.0,80.24,40.12,0.0,0.0,0.0,42.0,80.24
NA,6520559,6.0,5 LB,SUNBUTR,SUNFLOWER SEED SUNBUTTER,19010,N,1.0,79.9,79.9,0.0,0.0,0.0,30.0,79.9
NA,7165111,1.0,"16""",SYSCO,MITT OVEN KEVLAR 16,KOMS6YLBK-1PS,N,3.0,78.81,26.27,0.0,0.0,0.0,27.0,78.81
NA,7064531,4.0,125 CT,ERTHPLS,CONTAINER PAPER HNG 6X6 FBR,7064531,N,1.0,78.75,78.75,0.0,0.0,0.0,21.94,78.75
NA,4008769,4.0,1 GAL,SYS REL,SYRUP PANCAKE AND WAFFLE,24213,N,3.0,78.3,26.1,0.0,0.0,0.0,138.0,78.3
NA,1169960,12.0,16 OZ,RICHS,TOPPING WHPD ON-TOP,2559,N,2.0,77.98,38.99,0.0,0.0,0.0,24.52,77.98
NA,7098175,1.0,EA,SYSCO,SUPPLY SOTF KITCHEN,KITCHEN0EB,N,1.0,77.82,77.82,0.0,0.0,0.0,6.0,77.82
NA,2517447,2.0,6.6 LB,NUTELLA,SPREAD CHOC HZNUT NUTELLA,6031,N,2.0,77.7,38.85,0.0,0.0,0.0,26.4,77.7
NA,9987553,1.0,50 CT,SYSCO,LID PLAS CLR PET DOME 160 OZ,52160ASY50,N,2.0,75.78,37.89,0.0,0.0,0.0,12.0,75.78
NA,3546386,8.0,1.5 LB,BBRLIMP,CHEESE PROV NONSMK SLI INT .75,170754,N,2.0,74.95,37.475,0.0,0.0,0.0,24.0,74.95
NA,5914908,3.0,2 LB,IMP/MCC,SPICE PEPPER BLK POCH SHKR GRD,900011132,N,1.0,74.48,74.48,0.0,0.0,0.0,6.0,74.48
NA,7022547,5.0,16 OZ,MAESTRI,HAM PROSCIUTTO ITALIANO 16Z,P16MTBB31,N,1.0,74.35,74.35,0.0,0.0,0.0,5.0,74.35
NA,4005526,4.0,1 GAL,CATLMEN,SAUCE BBQ ORIGINAL,410531681,N,2.0,74.32,37.16,0.0,0.0,0.0,87.0,74.32
NA,1861525,16.0,3# AVG,SYS CLS,CHICKEN CVP 8PC CUT FRSH,8014-0895,Y,1.0,73.79,73.79,0.0,0.0,0.0,52.0,73.79
NA,2434231,2.0,5 LB,AREZIMP,SAUSAGE ITAL ROPE MILD N/C,160131,N,2.0,73.28,36.64,0.0,0.0,0.0,20.0,73.28
NA,6661425,1.0,12 LB,STCLAIR,SALAD POTATO BKNG SOUR CRM/BAC,101205,N,3.0,73.25,24.416666,0.0,0.0,0.0,36.0,73.25
NA,9669094,4.0,4 LB,SYS CLS,MEAT GYRO SLICES PRCK,9669094,N,1.0,73.11,73.11,0.0,0.0,0.0,16.6,73.11
NA,0779330,96.0,3.75OZ,PILLSBY,DOUGH SCONE BLUBRY FTO3.75OZ,94562-08150,N,1.0,72.96,72.96,0.0,0.0,0.0,22.5,72.96
NA,5072137,6.0,#10,AREZCLS,MUSHROOM PIECES & STEMS,20652AZ,N,1.0,72.86,72.86,0.0,0.0,0.0,42.0,72.86
NA,5848056,6.0,36 OZ,SYS IMP,RICE LONG GRAIN AND WILD,P1SW363C1,N,2.0,72.56,36.28,0.0,0.0,0.0,27.0,72.56
NA,7127293,6.0,32 OZ,AREZCLS,GARLIC CHOPPED IN WATER,140036,N,2.0,72.06,36.03,0.0,0.0,0.0,24.0,72.06
NA,7075573,1.0,3200CT,ERTHPLS,STRAW PAPER WRAP WHITE 7.75,600494,N,1.0,72.0,72.0,0.0,0.0,0.0,9.7,72.0
NA,7818743,2.0,5 LB,UNC BEN,RICE BASMATI,109510,N,4.0,71.92,17.98,0.0,0.0,0.0,40.0,71.92
NA,4080966,12.0,1 LB,SYS CLS,MARSHMALLOW MINI WHITE,95000,N,3.0,71.61,23.87,0.0,0.0,0.0,36.0,71.61
NA,1589506,160.0,1 OZ,SYS CLS,SAUSAGE PORK LNK SKLS CKD MILD,10000019690,N,2.0,71.2,35.6,0.0,0.0,0.0,20.0,71.2
NA,4782694,1.0,50 LB,SYS CLS,SUGAR GRANULATED XFINE CANE,403434,N,2.0,70.84,35.42,0.0,0.0,0.0,100.0,70.84
NA,1075981,30.0,1.5OZ,ZAPPS,CHIP POTATO KETTLE VOODOO,6073,N,5.0,70.6,14.12,0.0,0.0,0.0,24.8,70.6
NA,7449051,2.0,1.5GAL,HEINZ,KETCHUP FANCY POUCH DISPENSER,515500,N,3.0,70.5,23.5,0.0,0.0,0.0,85.5,70.5
NA,4062360,6.0,#10,SYS CLS,BEAN GREAT NORTHERN,4062360,N,3.0,70.47,23.49,0.0,0.0,0.0,138.0,70.47
NA,5486733,12.0,12 OZ,SYS IMP,MIX GRAVY BISCUIT W/PPR QUICK,92047,N,3.0,70.44,23.48,0.0,0.0,0.0,27.0,70.44
NA,5847029,3.0,1 GAL,AREZCLS,OIL OLIVE,311151,N,1.0,69.52,69.52,0.0,0.0,0.0,23.0,69.52
NA,4369989,320.0,1 OZ,OTSPKMY,DOUGH COOKIE CARNIVAL,58108,N,2.0,69.36,34.68,0.0,0.0,0.0,40.0,69.36
NA,6643258,40.0,3.2 OZ,SCTHBRT,CLEANER GRL QUICKCLEAN PCKT,700-40,N,2.0,68.64,34.32,0.0,0.0,0.0,23.8,68.64
NA,8685364,84.0,3.5OZ,BKRSIMP,DOUGH CROISSANT CHOCOLATE,3150,N,1.0,68.59,68.59,0.0,0.0,0.0,15.75,68.59
NA,8826893,12.0,12 OZ,HSRCCLS,HONEY PURE CLOVER GR A BEAR,PF4121,N,2.0,68.14,34.07,0.0,0.0,0.0,18.0,68.14
NA,1583438,4.0,5.6 LB,TYSON,CHICKEN FRIED SOTHR PRTN CUT,14440000928,N,1.0,66.79,66.79,0.0,0.0,0.0,22.5,66.79
NA,1972744,6.0,46 OZ,SYS CLS,PIE APPLE RTB 10,7201,N,2.0,66.58,33.29,0.0,0.0,0.0,34.5,66.58
NA,9695743,1.0,10 LB,SAMBAND,CATFISH FIL BRD SO STY 4 OZ,10024138,N,1.0,66.45,66.45,0.0,0.0,0.0,10.0,66.45
NA,1507680,6.0,32 OZ,YOPLAIT,YOGURT VANILLA LOW FAT 32 OZ,70470-00439,N,4.0,66.24,16.56,0.0,0.0,0.0,48.0,66.24
NA,4015137,1.0,25 LB,HERSHEY,CHOCOLATE CHIP SEMI SWT 1000CT,3400061125,N,1.0,65.62,65.62,0.0,0.0,0.0,25.0,65.62
NA,5689971,3.0,1.5GAL,COFMATE,CREAMER COFFEE LIQ ORIG BULK,50000879144USL,N,1.0,65.57,65.57,0.0,0.0,0.0,37.485,65.57
NA,9486192,2.0,5 LB,SYS CLS,CHICKEN POPCORN BRD PCK MBE,54400,N,2.0,65.44,32.72,0.0,0.0,0.0,20.0,65.44
NA,4418752,1.0,11 LB,PACKER,ASPARAGUS FRESH STANDARD,,N,2.0,65.3,32.65,0.0,0.0,0.0,22.0,65.3
NA,8294381,4.0,2.5 LB,BBRLCLS,BEEF ROAST EYE OF RND SLI 15,20730,N,1.0,64.55,64.55,0.0,0.0,0.0,10.0,64.55
NA,4049195,8.0,12 CT,LA BAND,WRAP TORTILLA FLOUR 12,27128,N,4.0,64.44,16.11,0.0,0.0,0.0,82.0,64.44
NA,6889125,1.0,10 LB,OCNSPRY,CRANBERRY DRIED CRAISINS,3477,N,3.0,64.2,21.4,0.0,0.0,0.0,30.0,64.2
NA,4324083,12.0,25.4OZ,WELCHS,JUICE GRAPE SPARKLING WHITE,715-50,N,2.0,64.18,32.09,0.0,0.0,0.0,76.0,64.18
NA,5630967,200.0,"12X24""",SYSCO,WIPER TOWEL BLU/WHT 12X24 DRY,F307007,N,3.0,63.99,21.33,0.0,0.0,0.0,10.95,63.99
NA,4010880,6.0,#10,SYS CLS,FILLING PIE PEACH,123071,N,1.0,63.75,63.75,0.0,0.0,0.0,48.0,63.75
NA,4401113,100.0,1.5 OZ,KENS,DRESSING RANCH CUP,KE0789A5,N,3.0,63.45,21.15,0.0,0.0,0.0,28.125,63.45
NA,5751169,48.0,3 OZ,BKRSIMP,CROISSANT BUTTER CURVED SLI,5751169,N,2.0,63.38,31.69,0.0,0.0,0.0,15.3,63.38
NA,7470057,4.0,12.5IN,SWEETST,CAKE COFF PULLMAN ASST#4,63,N,1.0,62.87,62.87,0.0,0.0,0.0,17.0,62.87
NA,4693857,6.0,64OZ,SODELIC,MILK COCONUT UNSWTD,136627,N,3.0,62.07,20.69,0.0,0.0,0.0,76.02,62.07
NA,6341069,4.0,3LB,TNCHSCK,CHEESECAKE PLAIN,250,N,1.0,62.03,62.03,0.0,0.0,0.0,12.0,62.03
NA,4857328,1.0,10 OZ,D'ALLAS,SPICE CARDAMOM WHL FCY GREEN,H08AK,N,1.0,61.31,61.31,0.0,0.0,0.0,0.625,61.31
NA,3533494,1.0,30 LB,SYS REL,CORN WHL KERNEL,74865-63320,N,2.0,60.9,30.45,0.0,0.0,0.0,60.0,60.9
NA,4005583,1.0,5 GAL,KIKOMAN,SAUCE SOY,182,N,2.0,60.84,30.42,0.0,0.0,0.0,103.0,60.84
NA,6783429,64.0,1.125Z,RUFFLES,CHIP POTATO CHDR SRCRM BKD,28400444002,N,2.0,60.74,30.37,0.0,0.0,0.0,9.0,60.74
NA,8702928,1.0,15LB,SMTHFLD,BACON LAYFLAT CC 18/22 APL SMK,70247174840,N,1.0,60.35,60.35,0.0,0.0,0.0,15.0,60.35
NA,4010922,12.0,24 OZ,SYS CLS,PUDDING MIX VANILLA INST,53044,N,2.0,60.18,30.09,0.0,0.0,0.0,36.4,60.18
NA,2306746,10.0,100 CT,SYS CLS,GLOVE NITRILE FDSRV PF BLU SML,304363281,N,0.0,0.0,0.0,4.0,59.88,14.97,3.468,59.88
NA,5084850,12.0,500CT,SYS CLS,NAPKIN LUNCH 11.5X13 1PLY 1/4F,L3141-SYS,N,2.0,59.4,29.7,0.0,0.0,0.0,55.16,59.4
NA,5364559,1.0,25 LB,PRODUCR,RICE BASMATI WHITE,PB2556MP1,N,2.0,59.32,29.66,0.0,0.0,0.0,50.0,59.32
NA,1855352,6.0,24 CT,SISTER,ROLL SILVER DOLLAR PRBKD .8 OZ,4816282074,N,3.0,58.95,19.65,0.0,0.0,0.0,15.66,58.95
NA,7187101,4.0,120 OZ,GHIRAD,MIX BROWNIE DBL DARK CHOC,732-6114,N,1.0,58.8,58.8,0.0,0.0,0.0,32.5,58.8
NA,7104948,4.0,120 OZ,GHIRAD,MIX BROWNIE TRIPLE CHOC,732-6116,N,1.0,58.8,58.8,0.0,0.0,0.0,30.0,58.8
NA,5087572,1.0,25 LB,SYS CLS,SUGAR GRANULATED XFINE CANE,401490,N,3.0,58.77,19.59,0.0,0.0,0.0,75.0,58.77
NA,4671434,1.0,50 LB,SYS CLS,RICE LONG GRAIN 4% BRKN,B1YI50560,N,3.0,57.66,19.22,0.0,0.0,0.0,150.0,57.66
NA,5219138,12.0,32 OZ,RICHS,CREME COOKING PLANT BASED QT,10441,N,1.0,57.66,57.66,0.0,0.0,0.0,24.0,57.66
NA,5358478,24.0,3 OZ,LIPTON,TEA BREW BLEND PACK FILTER BAG,4100000140,N,2.0,57.12,28.56,0.0,0.0,0.0,8.5,57.12
NA,5848031,6.0,36 OZ,SYS IMP,RICE SPANISH,P1SY363C1,N,2.0,56.44,28.22,0.0,0.0,0.0,27.0,56.44
NA,4009932,24.0,9IN,KEEBLER,PIE CRUST GRAHAM CRACKER,98175,N,2.0,56.34,28.17,0.0,0.0,0.0,19.5,56.34
NA,5230057,6.0,32 OZ,IMP/MCC,EXTRACT VANILLA PURE,974401,N,0.0,0.0,0.0,1.0,56.33,56.33,2.0,56.33
NA,4645008,6.0,5LB,GM,MIX MUFFIN GOLD MEDAL,16000-11544,N,1.0,56.0,56.0,0.0,0.0,0.0,31.7,56.0
NA,4129340,4.0,5 LB,SYS CLS,DIP SPINACH ARTICHOKE,75501,N,1.0,55.2,55.2,0.0,0.0,0.0,20.0,55.2
NA,4185775,3.0,3 L,SUNKSTS,JUICE CONC FRZ CRANCKT 10%,12306070,N,1.0,54.76,54.76,0.0,0.0,0.0,23.92,54.76
NA,7138035,60.0,3 OZ,SYS CLS,CHICKEN BRST FIL GRL PRCK,78512,N,1.0,54.68,54.68,0.0,0.0,0.0,11.25,54.68
NA,7094280,4.0,2.5 LB,BBRLCLS,TURKEY BREAST SLI O/RSTD .67OZ,20643,N,1.0,54.0,54.0,0.0,0.0,0.0,10.0,54.0
NA,4014973,6.0,#10,SYS CLS,BEAN KIDNEY DARK RED,4014973,N,2.0,53.7,26.85,0.0,0.0,0.0,80.0,53.7
NA,1666155,48.0,3.5 OZ,BLURBCL,ICE CREAM SANDWICH VAN,70640310104,N,3.0,53.37,17.79,0.0,0.0,0.0,21.315,53.37
NA,5812908,2.0,20-25#,BCH BLK,PORK HAM B/I SKN/ON,10020,Y,1.0,53.22,53.22,0.0,0.0,0.0,45.8,53.22
NA,1086917,1.0,192CT,HORMEL,BACON PRECOOKED ROUND 3.5 INCH,25779,N,1.0,53.01,53.01,0.0,0.0,0.0,4.4,53.01
NA,2565794,4.0,2.5LB,AREZIMP,SALAMI HARD SLICED .33OZ,78714,N,1.0,52.65,52.65,0.0,0.0,0.0,10.0,52.65
NA,3548385,6.0,#10,SYS CLS,ORANGE MANDRN WHL SEC LGHT SYR,3548385,N,1.0,52.58,52.58,0.0,0.0,0.0,44.0,52.58
NA,1735369,1.0,12CT,IMPFRSH,CUCUMBER ENGLISH LONG,1735369,N,3.0,52.53,17.51,0.0,0.0,0.0,36.0,52.53
NA,1821347,48.0,3 OZ,VDFRNCE,CROISSANT BUTTER CRVD SLI,7837,N,1.0,52.47,52.47,0.0,0.0,0.0,9.0,52.47
NA,6938526,12.0,200 CT,SYS CLS,FOIL SHEET 12X10.75 SILVER,W69370,N,1.0,52.23,52.23,0.0,0.0,0.0,22.8,52.23
NA,6709455,4.0,35 OZ,HOSPTLY,CEREAL RICE CRISP,71923-76242,N,3.0,51.21,17.07,0.0,0.0,0.0,26.25,51.21
NA,1630458,12.0,20 OZ,BKRSCLS,BREAD WHITE RND TOP SLI,11812,N,2.0,51.06,25.53,0.0,0.0,0.0,30.0,51.06
NA,0135632,2.0,5 LB,SYS IMP,CHEESE FETA CRUMBLED,1791,N,2.0,50.94,25.47,0.0,0.0,0.0,20.0,50.94
NA,4428298,18.0,3.2OZ,HSRCCLS,DRESSING MIX RANCH,20011,N,2.0,50.94,25.47,0.0,0.0,0.0,7.2,50.94
NA,4987343,6.0,#10,SYS CLS,PEACH YC DICED CH PEAR JUICE,4987343,N,1.0,50.58,50.58,0.0,0.0,0.0,40.0,50.58
NA,6520779,30.0,20 OZ,HEINZ,KETCHUP SQUEEZE UPSIDE DOWN,10013000050200,N,1.0,50.57,50.57,0.0,0.0,0.0,37.5,50.57
NA,7155724,6.0,10#,SYS IMP,SAUCE PIZZA PREPARED MW,SYIIL99,N,2.0,50.2,25.1,0.0,0.0,0.0,80.0,50.2
NA,5818380,6.0,#10,CHAOKOH,MILK COCONUT UNSWEETEND,608303,N,1.0,50.11,50.11,0.0,0.0,0.0,39.6,50.11
NA,2477081,6.0,2 LB,HORMEL,TURKEY BREAST SLI SMK .67 OZ,38163,N,1.0,49.91,49.91,0.0,0.0,0.0,12.0,49.91
NA,2181705,6.0,#10,SYS CLS,PEACH DICED CH EXTRA LS,2181705,N,1.0,49.87,49.87,0.0,0.0,0.0,40.0,49.87
NA,8666214,40.0,4 OZ,SYS CLS,CHICKEN BRST GRL MRK PCK,24948-0895,N,1.0,49.5,49.5,0.0,0.0,0.0,10.0,49.5
NA,2576864,6.0,4 LB,SKIPPY,PEANUT BUTTER CREAMY,11009,N,1.0,49.47,49.47,0.0,0.0,0.0,24.0,49.47
NA,5428719,2.0,11 LB,SYS CLS,ICING RTU CHOC FUDGE,227126,N,1.0,49.45,49.45,0.0,0.0,0.0,22.0,49.45
NA,2966653,24.0,14 OZ,LA LECH,MILK CONDENSED SWEETENED,8507219,N,1.0,49.38,49.38,0.0,0.0,0.0,21.0,49.38
NA,5301775,1.0,25 CT,SYSCO,BOWL PLAS BLK PET 320 OZ,92320SY,N,1.0,48.38,48.38,0.0,0.0,0.0,11.1,48.38
NA,9986514,1.0,50 CT,SYSCO,BOWL PLAS BLK PET 160 OZ,92160ASY50,N,1.0,48.32,48.32,0.0,0.0,0.0,9.0,48.32
NA,3554569,8.0,1.5 LB,BBRLIMP,CHEESE SWISS SLICE .75 OZ,170721,N,1.0,48.17,48.17,0.0,0.0,0.0,12.0,48.17
NA,2822353,4.0,5LB,BBRLIMP,CHEESE CHDR SHRP FTHR SHRD YEL,169733,N,1.0,47.9,47.9,0.0,0.0,0.0,20.0,47.9
NA,6248767,1000.0,"6""",ECOPROD,PLATE BIODEG 6 SUGAR CANE,EP-P016,N,1.0,47.87,47.87,0.0,0.0,0.0,18.0,47.87
NA,0496026,1.0,12 IN,SYS CLS,FILM PVC 2000FT ROLL SLI CUTR,9059,N,2.0,47.66,23.83,0.0,0.0,0.0,11.3,47.66
NA,0241935,240.0,1.33OZ,OTSPKMY,DOUGH COOKIE STRWBRY SHRTCAKE,58823,N,1.0,47.63,47.63,0.0,0.0,0.0,20.0,47.63
NA,6010540,1.0,25 LB,SUG RAW,SUGAR IN THE RAW BULK,4480050315,N,1.0,47.55,47.55,0.0,0.0,0.0,25.0,47.55
NA,0758401,24.0,4 IN,UDISHFD,BUN HAMBURGER GLUTEN FREE IW,9899780644,N,2.0,47.26,23.63,0.0,0.0,0.0,12.8,47.26
NA,6040760,12.0,3 LB,SYS CLS,SALT KOSHER FLAKE COARSE,100012745,N,2.0,46.66,23.33,0.0,0.0,0.0,72.0,46.66
NA,1412642,240.0,1.33OZ,OTSPKMY,DOUGH COOKIE CHOCOLATE CHIP,58800,N,1.0,46.02,46.02,0.0,0.0,0.0,19.95,46.02
NA,2427326,2.0,45CT,ATHENS,PASTRY SHELL PHYLLO 1 IN,7244,N,4.0,45.96,11.49,0.0,0.0,0.0,2.84,45.96
NA,4645412,3.0,2 LB,SYS CLS,ALMOND NATURAL SLICED,4645412,N,1.0,45.92,45.92,0.0,0.0,0.0,6.0,45.92
NA,4786943,2.0,10 LB,LABELLA,PASTA SHELL MED,2S7102Q0660,N,2.0,45.78,22.89,0.0,0.0,0.0,40.0,45.78
NA,4375416,4.0,35 OZ,GM,CEREAL COCOA PUFFS BULKPAK,16000-11999,N,1.0,45.64,45.64,0.0,0.0,0.0,8.75,45.64
NA,5132234,4.0,5 LB,BBRLCLS,CHEESE AMER 120 SLI YEL,STK14207,N,1.0,45.49,45.49,0.0,0.0,0.0,19.0,45.49
NA,1777309,15.0,2LB,PAPETTI,EGG YOLK LIQ FRSH,46025-91800-00,N,1.0,45.41,45.41,0.0,0.0,0.0,30.0,45.41
NA,1466333,4.0,5 LB,AREZIMP,CHEESE MOZZ PIZZ BLD FEATHERED,1006866,N,1.0,45.15,45.15,0.0,0.0,0.0,20.0,45.15
NA,6870073,8.0,125 CT,CHINET,PLATE PAPER PRO NATURALS 6,25774,N,1.0,44.84,44.84,0.0,0.0,0.0,12.0,44.84
NA,9035429,4.0,5 LB,BBRLCLS,CHEESE AMER 120 DELI SLI YEL,STK03324,N,1.0,44.75,44.75,0.0,0.0,0.0,20.0,44.75
NA,7157365,1000.0,16X24,SYS CLS,LINER PAN QUILON TREATED,PL251SY,N,1.0,44.48,44.48,0.0,0.0,0.0,25.0,44.48
NA,2819656,4.0,5LB,CASAIMP,CHEESE CHDR MILD FTHR SHRD YEL,10985CS,N,1.0,44.35,44.35,0.0,0.0,0.0,20.0,44.35
NA,7775069,4.0,135 OZ,CASACLS,SALSA CHUNKY MED AUTHENTIC,48549040211,N,1.0,43.64,43.64,0.0,0.0,0.0,33.75,43.64
NA,9488990,1.0,30 LB,SYS CLS,APPLE GRANNYSMITH SLI IQF,74865870344,N,1.0,43.49,43.49,0.0,0.0,0.0,30.0,43.49
NA,2802585,12.0,13.3OZ,KEEBLER,COOKIE VANILLA WAFR,98377,N,2.0,43.22,21.61,0.0,0.0,0.0,20.0,43.22
NA,4437238,24.0,12OZ,BKRSCLS,BREAD BAGUETTE ENRBD ITAL,50368,N,1.0,43.1,43.1,0.0,0.0,0.0,18.0,43.1
NA,4040382,12.0,50 OZ,CAMPBEL,SOUP CREAM OF MUSHROOM,1266,N,1.0,42.76,42.76,0.0,0.0,0.0,41.5,42.76
NA,4730883,25.0,4.64OZ,KEEBLER,CRACKER ASST MEDLEY SLEEVES,3010037739,N,1.0,42.67,42.67,0.0,0.0,0.0,7.0,42.67
NA,0138818,4.0,1 GAL,REALEMN,JUICE LEMON,10090964,N,1.0,34.12,34.12,1.0,8.53,8.53,43.625,42.65
NA,5409131,24.0,EA,TBLCRFT,SHAKER CHEESE LEXAN 6 OZ,P260,N,1.0,41.71,41.71,0.0,0.0,0.0,9.5,41.71
NA,3608353,1.0,30 LB,SYS CLS,PEA GREEN GRADE A,74865-63317,N,1.0,41.68,41.68,0.0,0.0,0.0,30.0,41.68
NA,9550666,6.0,2 LB,CASACLS,CHIP TORTILLA WHT CORN TRI,8424,N,2.0,41.3,20.65,0.0,0.0,0.0,24.0,41.3
NA,2114021,4.0,24 CT,BKRSCLS,DANISH ASST MINI 1.25 OZ,22125,N,1.0,40.94,40.94,0.0,0.0,0.0,7.5,40.94
NA,4065157,4.0,31 OZ,KELLOGG,CEREAL APPLE JACKS,3800002991,N,1.0,40.8,40.8,0.0,0.0,0.0,8.3,40.8
NA,1647353,2.0,5 LB,SYS CLS,CHICKEN FAJ BRST STRIP CKD,50424,N,1.0,40.75,40.75,0.0,0.0,0.0,10.0,40.75
NA,3355757,3.0,1 GAL,SYS IMP,BUTTER-IT ALT LIQ ZTF,15839COM,N,1.0,40.66,40.66,0.0,0.0,0.0,23.1,40.66
NA,4828802,12.0,32 OZ,WHLFCLS,CREAM HEAVY WHIPPING 36% ESL,1002734,N,1.0,40.58,40.58,0.0,0.0,0.0,24.0,40.58
NA,1797257,2.0,5 LB,SYS CLS,HUSHPUPPY W/ONION,56050,N,3.0,40.44,13.48,0.0,0.0,0.0,30.0,40.44
NA,6040885,2.0,10 LB,LABELLA,PASTA CAVATAPPI,2S7013Q0660,N,2.0,40.36,20.18,0.0,0.0,0.0,40.0,40.36
NA,4862983,2.0,10 LB,LABELLA,PASTA SPAGHETTI 10 IN,R74017Q0660,N,2.0,40.26,20.13,0.0,0.0,0.0,40.0,40.26
NA,7128365,1.0,50 CT,PACKER,MASK FACE 3 PLY DISPOSABLE,,N,2.0,39.98,19.99,0.0,0.0,0.0,0.6,39.98
NA,8558215,6.0,15 OZ,SYS IMP,MIX GRAVY BRN,92175,N,2.0,39.76,19.88,0.0,0.0,0.0,11.2,39.76
NA,6693642,24.0,#300,SYS IMP,PEPPER RED DICED FCY,1014300240300,N,1.0,39.3,39.3,0.0,0.0,0.0,30.0,39.3
NA,8786780,4.0,1 GAL,SYS CLS,DRESSING BALSAMIC VINAIGRETTE,19126SYS,N,0.0,0.0,0.0,4.0,39.28,9.82,33.15,39.28
NA,4637746,1.0,50 CT,HFA,LID FOIL F/FULL SZ STM TBL CRL,2050-00-50FC,N,1.0,38.92,38.92,0.0,0.0,0.0,5.7,38.92
NA,4421842,6.0,64 OZ,SUNKSTS,DRINK CONC LMNADE 5% 5+1,11100915859USL,N,1.0,38.83,38.83,0.0,0.0,0.0,29.89,38.83
NA,7102253,15.0,6 CT,BKRSCLS,BAGEL ASST SLI 3 OZ,7102253,N,1.0,38.76,38.76,0.0,0.0,0.0,16.875,38.76
NA,2544831,1.0,10 LB,AREZIMP,PEPPERONI SLICED PORK&BF14-16C,4831-071,N,1.0,38.39,38.39,0.0,0.0,0.0,10.0,38.39
NA,1211465,1.0,15 LB,RICHS,ICING VANILLA BETTERCREAM WHPD,11092,N,1.0,37.91,37.91,0.0,0.0,0.0,15.58,37.91
NA,7063860,4.0,.5 GAL,MINOR,SAUCE ORANGE ZSTY,50000547425USL,N,1.0,37.62,37.62,0.0,0.0,0.0,20.25,37.62
NA,9901031,40.0,16.9OZ,NIAGARA,WATER BOTTLED SPRING,NDW05L40PSPCHN,N,5.0,37.6,7.52,0.0,0.0,0.0,228.0,37.6
NA,2611739,2.0,1.5GAL,HEINZ,MAYONNAISE POUCH DISPENSER,10013000516706,N,1.0,37.55,37.55,0.0,0.0,0.0,29.5,37.55
NA,1877521,2.0,9#AVG,FIELD,BOLOGNA STK ALL-MT JUMBO,P-6,Y,1.0,37.16,37.16,0.0,0.0,0.0,21.32,37.16
NA,3933781,6.0,6 OZ,HERTPRK,SALAMI ALL-MT SAMPLER,908511,Y,1.0,36.91,36.91,0.0,0.0,0.0,2.58,36.91
NA,1466212,2.0,5 LB,SYS CLS,CHICKEN BREAST STRIP GRILL PCK,53187,N,1.0,36.67,36.67,0.0,0.0,0.0,10.0,36.67
NA,7715446,4.0,32OZ,KEYSTON,CLEANER DEGREASER OVEN RTU,6100057,N,1.0,36.6,36.6,0.0,0.0,0.0,8.99,36.6
NA,0279754,4.0,750ML,SYS REL,SOAP HAND AB FOAM ORANGE RTU,6100592,N,1.0,36.54,36.54,0.0,0.0,0.0,6.91,36.54
NA,5740600,4.0,1 GAL,SYS REL,DRESSING COLESLAW SPECIAL REC,71479SYS,N,1.0,36.11,36.11,0.0,0.0,0.0,34.2,36.11
NA,9817891,1.0,25 CT,CATERLN,LID PLAS DOME F/ 320 OZ BOWL,APB320DM,N,1.0,36.06,36.06,0.0,0.0,0.0,7.0,36.06
NA,1177559,12.0,5.2OZ,BOURSIN,CHEESE BOURSIN HERB FRENCH,410190,N,1.0,36.05,36.05,0.0,0.0,0.0,3.97,36.05
NA,9420530,4.0,2 LB,CASAIMP,GUACAMOLE FRESH ORIG BLEND HPP,10074865862896,N,1.0,35.66,35.66,0.0,0.0,0.0,8.0,35.66
NA,3420587,12.0,11.5OZ,HELLMAN,MAYONNAISE SQUEEZE BTL,84137049,N,1.0,35.42,35.42,0.0,0.0,0.0,8.44,35.42
NA,4819039,106.0,1.5 OZ,J DEAN,TURKEY SAUSAGE PTY CKD SAGE,10000014106,N,1.0,35.4,35.4,0.0,0.0,0.0,10.0,35.4
NA,4520623,6.0,5 LB,LEE KUM,SAUCE HOISIN,LHS08000,N,1.0,35.19,35.19,0.0,0.0,0.0,34.0,35.19
NA,2130060,1.0,3 GAL,WHLFCLS,ICE CREAM VAN,1026416,N,2.0,35.1,17.55,0.0,0.0,0.0,26.0,35.1
NA,5814397,6.0,1 LB,MINOR,SOUP BASE VGTBLE LO- SODIUM GF,74826057067USL,N,1.0,35.02,35.02,0.0,0.0,0.0,6.0,35.02
NA,3533486,1.0,30 LB,SYS CLS,CORN WHL KERNEL GR A,74865-63319,N,1.0,34.99,34.99,0.0,0.0,0.0,30.0,34.99
NA,5767173,12.0,350 FT,ERTHPLS,TOWEL ROLL NOPERF 7.87 EARTH+,RK350A-SYS,N,2.0,34.98,17.49,0.0,0.0,0.0,42.262,34.98
NA,6938336,1.0,18 IN,SYS CLS,FOIL ALMN ROLL STD WGT 1000 FT,W69317,N,1.0,34.97,34.97,0.0,0.0,0.0,13.886,34.97
NA,4002432,4.0,1 GAL,SYS REL,MAYONNAISE HEAVY DUTY,71416SYS,N,1.0,34.95,34.95,0.0,0.0,0.0,29.4,34.95
NA,3546359,8.0,1.5LB,BBRLIMP,CHEESE CHDR MED SLI INT.75 YEL,170745,N,1.0,34.94,34.94,0.0,0.0,0.0,12.0,34.94
NA,5056649,1.0,6.5 OZ,D'ALLAS,SPICE PEPPERCORN SZECHUAN,H34AI,N,1.0,34.85,34.85,0.0,0.0,0.0,0.4,34.85
NA,9669151,4.0,3.75LB,SYS CLS,DIP HUMMUS TRADITIONAL,9669151,N,1.0,34.8,34.8,0.0,0.0,0.0,15.0,34.8
NA,7757602,1.0,2 GAL,SCHWRTZ,PICKLE CHIP DILL KK 3/16,29257230756,N,2.0,34.38,17.19,0.0,0.0,0.0,40.0,34.38
NA,1552272,8.0,1 LB,AREZIMP,CHEESE MOZZ FRSH LOG CRYO,95,N,1.0,34.28,34.28,0.0,0.0,0.0,8.0,34.28
NA,3960093,1.0,30 LB,SYS CLS,PEA & CARROT GR A,74865-66491,N,1.0,34.16,34.16,0.0,0.0,0.0,30.0,34.16
NA,4523460,210.0,1.2 OZ,PILLSBY,DOUGH BISCUIT GARLIC & CHEDDAR,94562-06331,N,1.0,33.84,33.84,0.0,0.0,0.0,15.75,33.84
NA,5889407,12.0,500 CT,TORKUNV,NAPKIN DISP XPRESSNP NAT,DX906E,N,1.0,33.7,33.7,0.0,0.0,0.0,21.4,33.7
NA,5211552,6.0,10#,ANG MIA,SAUCE MARINARA CA,2700039125,N,1.0,33.57,33.57,0.0,0.0,0.0,39.0,33.57
NA,2070423,162.0,.9 OZ,OTSPKMY,MUFFIN ASST MINI,12101,N,1.0,33.38,33.38,0.0,0.0,0.0,9.112,33.38
NA,9987124,1.0,50 CT,SYSCO,BOWL PLAS BLK PET 80 OZ,92080ASY50,N,1.0,33.06,33.06,0.0,0.0,0.0,5.0,33.06
NA,5365405,2.0,5 LB,TYSON,CHICKEN TENDER BRD,10070830928,N,1.0,33.05,33.05,0.0,0.0,0.0,10.76,33.05
NA,5005327,4.0,1 GAL,SYS IMP,DRESSING CAESAR WITH EGG,72245SYS,N,0.0,0.0,0.0,2.0,32.76,16.38,16.3,32.76
NA,3554579,8.0,1.5 LB,BBRLIMP,CHEESE MONT JACK SLI INT .75OZ,170750,N,1.0,32.54,32.54,0.0,0.0,0.0,12.0,32.54
NA,5935879,6.0,9 OZ,SYS CLS,MIX SEASONING TACO,974527,N,3.0,32.46,10.82,0.0,0.0,0.0,10.14,32.46
NA,7040512,320.0,1 OZ,OTSPKMY,DOUGH COOKIE BUTR SUGAR,58104,N,1.0,32.41,32.41,0.0,0.0,0.0,20.0,32.41
NA,4380788,8.0,48 CT,M&M,CANDY M&M PEANUT 1.74 OZ,108233,N,0.0,0.0,0.0,1.0,32.39,32.39,5.75,32.39
NA,5812296,2.0,6-9#AV,BCH BLK,PORK LOIN BNLS CC STR/OFF 1/8I,6909,Y,1.0,32.16,32.16,0.0,0.0,0.0,13.6,32.16
NA,9647108,1.0,10#AVG,BHB/NPM,BEEF FOR STEW FRZN,21-40130,Y,1.0,32.03,32.03,0.0,0.0,0.0,7.25,32.03
NA,1025162,1.0,96CT,SYS CLS,CORN COB PETITE NW GR A,74865-00111,N,1.0,31.94,31.94,0.0,0.0,0.0,29.0,31.94
NA,5444542,24.0,11 OZ,PERRIER,WATER SPRKLG MINERAL GLASS,74780004107US9,N,2.0,31.78,15.89,0.0,0.0,0.0,21.4,31.78
NA,6993851,1.0,10 LB,SYS CLS,CHICKEN MEAT DICED DRK/WHT .5,16347,N,1.0,31.73,31.73,0.0,0.0,0.0,10.0,31.73
NA,3802147,6.0,.5 GAL,MINOR,SAUCE SWEET & SOUR RTU,50000316816USL,N,1.0,31.33,31.33,0.0,0.0,0.0,26.5,31.33
NA,7089212,315.0,1.5 OZ,SYS CLS,DOUGH ROLL DNR YEAST LAYR PK,53108,N,1.0,31.31,31.31,0.0,0.0,0.0,29.531,31.31
NA,7018132,4.0,2.5 LB,GR LAKE,CHEESE CHDR MILD SLI .75 OZ,90018,N,1.0,31.14,31.14,0.0,0.0,0.0,10.0,31.14
NA,5204383,6.0,16 OZ,SYS SUP,PAN COATING ARSL PROF FORMLA,99512-COM,N,1.0,31.1,31.1,0.0,0.0,0.0,6.0,31.1
NA,4015343,6.0,#10,SYS CLS,BEET SLI MED FCY,53213510,N,1.0,30.99,30.99,0.0,0.0,0.0,45.0,30.99
NA,9903659,1.0,50 LB,IMPFRSH,POTATO YUKON GOLD A SZ #1,9903659,N,1.0,30.81,30.81,0.0,0.0,0.0,50.0,30.81
NA,2325405,210.0,1.2 OZ,PILLSBY,DOUGH BISCUIT SOUTHERN STY MIN,94562-06263,N,1.0,30.63,30.63,0.0,0.0,0.0,18.14,30.63
NA,2976528,2.0,5LB,TYSON,CHICKEN MEAT DICE 80D/20W LSOD,10255590928,N,1.0,30.55,30.55,0.0,0.0,0.0,10.0,30.55
NA,6799136,64.0,1.5OZ,SUNCHIP,CHIP MULTIGRAIN GRDN SALSA LSS,44428,N,1.0,30.37,30.37,0.0,0.0,0.0,6.0,30.37
NA,6743441,64.0,1.5 OZ,LAYS,CHIP POTATO BBQ LSS,44358,N,1.0,30.37,30.37,0.0,0.0,0.0,6.0,30.37
NA,6725401,64.0,1.75OZ,DORITOS,CHIP TORTILLA COOL RANCH LSS,44374,N,1.0,30.37,30.37,0.0,0.0,0.0,7.0,30.37
NA,6725737,64.0,1.375Z,MSVICKI,CHIP POTATO JALAPENO KETTLE,44441,N,1.0,30.37,30.37,0.0,0.0,0.0,5.5,30.37
NA,1675859,4.0,3 LB,IMPFRSH,BROCCOLI FLORET ICELESS,10074865102305,N,1.0,30.18,30.18,0.0,0.0,0.0,12.0,30.18
NA,9607268,3.0,1 GAL,PHASE,BUTTER ALTERNATE ZERO TRANSFAT,15391PHA,N,1.0,29.37,29.37,0.0,0.0,0.0,23.1,29.37
NA,3943562,4.0,1 GAL,SYS NAT,JUICE ORANGE NO PULP,7593,N,1.0,28.96,28.96,0.0,0.0,0.0,34.9,28.96
NA,4182952,6.0,#10,SYS CLS,BEAN GREEN CUT 3SV BL FCY,1213510,N,1.0,28.72,28.72,0.0,0.0,0.0,38.0,28.72
NA,7148551,4.0,2.5 LB,STELLA,CHEESE FETA CRUMBLES,7001444,N,1.0,28.54,28.54,0.0,0.0,0.0,10.0,28.54
NA,5115431,24.0,10 OZ,ROTEL,TOMATO DICED W/GREEN CHILES CA,6414428243,N,1.0,28.24,28.24,0.0,0.0,0.0,15.0,28.24
NA,3911504,200.0,1.5 OZ,HSRCCLS,SYRUP PANCAKE & WAFFLE CUP,72441,N,1.0,28.23,28.23,0.0,0.0,0.0,18.75,28.23
NA,4944450,6.0,1 LB,SYS IMP,SOUP BASE CHICKEN REAL,72804SYS,N,1.0,28.19,28.19,0.0,0.0,0.0,6.0,28.19
NA,5593900,12.0,2 LB,SYS CLS,SUGAR CONFECTIONER 10X CANE,432455,N,1.0,28.03,28.03,0.0,0.0,0.0,24.0,28.03
NA,4009601,1.0,10 LB,KEEBLER,CRACKER CRUMB GRAHAM,3010015347,N,1.0,27.99,27.99,0.0,0.0,0.0,9.5,27.99
NA,4281440,24.0,1 LB,DOMINO,SUGAR BROWN LIGHT CANE,401358,N,1.0,27.97,27.97,0.0,0.0,0.0,24.0,27.97
NA,9669136,4.0,3.75LB,SYS CLS,SAUCE TZATZIKI SOUR CREAM,9669136,N,1.0,27.7,27.7,0.0,0.0,0.0,15.0,27.7
NA,4212504,2000.0,3 G,ECOSTCK,SUGAR TURBINADO ORNIC RAW STK,83661,N,1.0,27.33,27.33,0.0,0.0,0.0,13.23,27.33
NA,1841982,6.0,1.5 LB,GR LAKE,CHEESE PROV SMK SLI .75 OZ,99813,N,1.0,27.14,27.14,0.0,0.0,0.0,9.0,27.14
NA,6923874,6.0,23 OZ,IMP/MCC,SEASONING CHICKEN MONTREAL,974698,N,0.0,0.0,0.0,3.0,26.97,8.99,4.31,26.97
NA,8386765,10.0,24 OZ,BKRSCLS,BREAD PULLMAN WHITE 26 SLI,54316730,N,1.0,26.96,26.96,0.0,0.0,0.0,15.0,26.96
NA,4138632,12.0,24 OZ,SYS CLS,DRINK MIX LEMONADE,74228655278,N,1.0,26.58,26.58,0.0,0.0,0.0,19.0,26.58
NA,4138640,12.0,24 OZ,SAHAR B,DRINK MIX LEMONADE PINK,74228695278,N,1.0,26.58,26.58,0.0,0.0,0.0,19.0,26.58
NA,1242985,6.0,5 LB,SYS REL,MIX CAKE DEVILS FOOD COMPLT,124-2985,N,1.0,26.34,26.34,0.0,0.0,0.0,30.0,26.34
NA,4011037,6.0,#10,SYS CLS,PUDDING CHOCOLATE ZTF,79873220854,N,1.0,26.29,26.29,0.0,0.0,0.0,40.5,26.29
NA,1376862,1.0,18 CT,SYSCO,PAD SCOUR 6X9 HVYDTY ANTIMICRO,S86A-SYS,N,2.0,26.18,13.09,0.0,0.0,0.0,3.0,26.18
NA,4732408,4.0,500,SYS CLS,CUP BAKING PAPR FLTD 6,610071,N,1.0,25.73,25.73,0.0,0.0,0.0,3.9,25.73
NA,4828554,12.0,32 OZ,WHLFCLS,CREAMER HALF & HALF ESL,1002749,N,1.0,25.61,25.61,0.0,0.0,0.0,24.0,25.61
NA,0137828,4.0,1 GAL,BBRLCLS,PICKLE DILL SLI 3/16 KK 450 CT,2320,N,1.0,25.51,25.51,0.0,0.0,0.0,36.0,25.51
NA,8379251,1.0,25 LB,SYS CLS,FLOUR ALL PURP H&R BL EN MT,734730-23957,N,3.0,25.5,8.5,0.0,0.0,0.0,75.0,25.5
NA,4032975,6.0,36 OZ,UNC BEN,RICE PILAF ORIGINAL,3409,N,1.0,25.48,25.48,0.0,0.0,0.0,14.05,25.48
NA,1111111,3.0,1.5GAL,HSRCIMP,KETCHUP FANCY POUCH DSPNSR,HOUY53D,N,1.0,25.21,25.21,0.0,0.0,0.0,44.0,25.21
NA,5555511,500.0,12-16G,SYS CLS,LINER TRASH 24X32 .35 ML BLK,H4832RBS,N,1.0,25.13,25.13,0.0,0.0,0.0,9.0,25.13
NA,1662139,12.0,6 CT,BBRLCLS,BREAD PITA PLAIN 2 OZ 6 IN,54331820,N,1.0,25.12,25.12,0.0,0.0,0.0,9.0,25.12
NA,4899373,4.0,1 GAL,LEE KUM,OIL SESAME SEED PURE,IMP884200,N,0.0,0.0,0.0,1.0,25.11,25.11,7.667,25.11
NA,7435191,1.0,12IN,SYS CLS,FILM PVC ROLL 2000FT,9062,N,2.0,24.84,12.42,0.0,0.0,0.0,12.0,24.84
NA,4859114,4.0,50 CT,BKRSCLS,DONUT CAKE MINI .5OZ VARTY PCK,12146,N,1.0,24.83,24.83,0.0,0.0,0.0,6.25,24.83
NA,7790795,24.0,100CT,SYS IMP,LID PLAS CLR F/1.5-2.5OZ PRTN,YLS2FRSYS,N,1.0,24.79,24.79,0.0,0.0,0.0,7.2,24.79
NA,1783901,144.0,1.587Z,SYS CLS,WAFFLE SQUARE HT&SRV 4,7486505610,N,1.0,24.37,24.37,0.0,0.0,0.0,10.2,24.37
NA,4055945,9.0,36 CT,M&M,CANDY M&M PLAIN 1.69 OZ,317489,N,0.0,0.0,0.0,1.0,24.33,24.33,3.802,24.33
NA,5488366,12.0,36 CT,HERSHEY,CANDY BAR CHOC MILK,3400024000,N,0.0,0.0,0.0,1.0,24.27,24.27,3.483,24.27
NA,4114088,6.0,#10,SYS CLS,PEA BLACKEYE,4114088,N,1.0,24.06,24.06,0.0,0.0,0.0,45.0,24.06
NA,2941593,4.0,12 CT,BKRSCLS,BUN BRIOCHE EVERYTHING 4.5INSL,51787,N,1.0,23.95,23.95,0.0,0.0,0.0,9.0,23.95
NA,4510921,5.0,2 LB,SYS CLS,COCONUT SNOWFLAKE SWEETENED,10078982013223,N,1.0,23.89,23.89,0.0,0.0,0.0,10.0,23.89
NA,8458756,4.0,1 GAL,SYS REL,CLEANER DEGREASER CONCENTR RTU,6100210,N,1.0,23.87,23.87,0.0,0.0,0.0,34.0,23.87
NA,6626774,72.0,1 OZ,DORITOS,CHIP TORTILLA NACHO REDUCE FAT,31748,N,1.0,23.74,23.74,0.0,0.0,0.0,4.5,23.74
NA,4527913,12.0,1700CT,SYS IMP,TISSUE TOILET COMP360 HI CAP,4527913,N,1.0,23.69,23.69,0.0,0.0,0.0,11.16,23.69
NA,8459547,4.0,#10,MANWICH,SAUCE SLOPPY JOE,2700044181,N,1.0,23.37,23.37,0.0,0.0,0.0,26.75,23.37
NA,8613523,6.0,28 OZ,ROTELLA,BREAD WHITE OPEN TOP,216,N,1.0,23.12,23.12,0.0,0.0,0.0,10.62,23.12
NA,7427693,42.0,1.5 OZ,MAX HSE,COFFEE GRND,43000866153,N,1.0,23.06,23.06,0.0,0.0,0.0,3.0,23.06
NA,4030599,6.0,10#,ANG MIA,TOMATO CRUSHED ALL PURP FCY CA,2700038064,N,1.0,22.87,22.87,0.0,0.0,0.0,38.25,22.87
NA,8562823,4.0,21.16Z,ROLAND,COUSCOUS INTL ISRAEL,72090,N,1.0,22.76,22.76,0.0,0.0,0.0,5.5,22.76
NA,4978872,6.0,#10,SYS CLS,TOMATO DICED IN JUICE MW,SYCBQ99,N,1.0,22.67,22.67,0.0,0.0,0.0,38.25,22.67
NA,1994510,6.0,4.5LB,SYS REL,POTATO FRY 1/4 SS,10734730408603,N,1.0,22.51,22.51,0.0,0.0,0.0,30.0,22.51
NA,5465695,4.0,1 GAL,SYS REL,DRESSING ITALIAN GOLDEN,72248SYS,N,1.0,22.37,22.37,0.0,0.0,0.0,34.15,22.37
NA,8156762,6.0,12 CT,MISSION,WRAP TORTILLA SPINACH HERB 12,10251,N,1.0,22.36,22.36,0.0,0.0,0.0,16.5,22.36
NA,6361042,4.0,1 GAL,WHITEHS,CIDER APPLE PASTURIZED PET,4171884,N,1.0,22.15,22.15,0.0,0.0,0.0,32.0,22.15
NA,2389278,6.0,5 LB,AREZIMP,CHEESE PARM GRTD DRY CARTON US,1008169,N,0.0,0.0,0.0,1.0,21.97,21.97,5.0,21.97
NA,4005617,4.0,1 GAL,KIKOMAN,SAUCE TERIYAKI,1044,N,0.0,0.0,0.0,2.0,21.9,10.95,21.024,21.9
NA,1186253,4.0,5 LB,DAISY,CREAM SOUR PURE GR A,IDA5,N,1.0,21.81,21.81,0.0,0.0,0.0,20.0,21.81
NA,7143225,8.0,5 #,SYS CLS,CEREAL HOT GRITS QUICK WHT,4681892,N,1.0,21.74,21.74,0.0,0.0,0.0,40.0,21.74
NA,4122032,1.0,10 LB,SUNSHIN,CRACKER SALTINE CRSHD,2410013328,N,1.0,21.73,21.73,0.0,0.0,0.0,10.0,21.73
NA,3717279,100.0,1 OZ,PHILA,CHEESE CREAM ORIG SPREAD CUP,10021000611192,N,1.0,20.92,20.92,0.0,0.0,0.0,6.25,20.92
NA,9516907,1.0,3 LB,IMPFRSH,LETTUCE SPRING MIX SWT CON PLW,BSMSYS3,N,2.0,20.88,10.44,0.0,0.0,0.0,6.0,20.88
NA,4943296,1.0,25LB,KIKOMAN,BREAD CRUMB JAP PANKO TOASTED,5010,N,1.0,20.69,20.69,0.0,0.0,0.0,25.0,20.69
NA,5228747,6.0,1 LB,IMP/MCC,SPICE CURRY POWDER,974269,N,0.0,0.0,0.0,2.0,20.64,10.32,2.0,20.64
NA,2994804,24.0,.5LTR,SAN PEL,WATER SPRKLG IMPRTD MNERAL GLS,41508800839,N,1.0,20.44,20.44,0.0,0.0,0.0,44.65,20.44
NA,3890755,24.0,16.9OZ,NIAGARA,WATER BOTTLED DRINKING,27541-00911,N,4.0,20.32,5.08,0.0,0.0,0.0,92.72,20.32
NA,3560679,12.0,32 OZ,SILK,MILK SOY PLAIN,136934,N,1.0,20.2,20.2,0.0,0.0,0.0,24.0,20.2
NA,4993727,48.0,4OZ,JUSTBGL,BAGEL EVERYTHING,306,N,1.0,20.12,20.12,0.0,0.0,0.0,12.0,20.12
NA,4645446,3.0,2 LB,SYS CLS,SUNFLOWER KERNEL OIL RST SALT,4645446,N,1.0,20.07,20.07,0.0,0.0,0.0,6.0,20.07
NA,7682790,4.0,32OZ,KEYSTON,CLEANER GLASS BLUE RTU,6100067,N,1.0,20.04,20.04,0.0,0.0,0.0,8.33,20.04
NA,4183943,1.0,20 LB,SYS CLS,BEAN KIDNEY LIGHT RED DRIED,LRK10201SY,N,1.0,19.96,19.96,0.0,0.0,0.0,20.0,19.96
NA,1595487,24.0,4.5 OZ,BLU BNY,ICE CREAM SNDWCH CHIPS GALORE,70640310821,N,1.0,19.69,19.69,0.0,0.0,0.0,6.75,19.69
NA,2452284,12.0,8 CT,ALPHA,BUN HMBRGR CLSTR YEL 4 IN SLI,51767,N,1.0,19.35,19.35,0.0,0.0,0.0,14.4,19.35
NA,8392603,2.0,10 LBS,BARILLA,PASTA CAVATAPPI CELLENTANI,1000007428,N,1.0,19.26,19.26,0.0,0.0,0.0,20.0,19.26
NA,4528851,1.0,96 CT,FIELDST,DONUT STICK SWEET GLZE I/W,9715,N,1.0,18.98,18.98,0.0,0.0,0.0,11.4,18.98
NA,9012899,1.0,16 OZ,D'ALLAS,SPICE FENUGREEK GRND,H73A,N,1.0,18.62,18.62,0.0,0.0,0.0,0.3,18.62
NA,7938939,2.0,1.5 GA,HEINZ,MUSTARD YELLOW POUCH DISP,10013000652008,N,1.0,18.41,18.41,0.0,0.0,0.0,29.5,18.41
NA,1854179,6.0,64 OZ,SILK,MILK COCONUT ORIG ESL,136453,N,1.0,18.18,18.18,0.0,0.0,0.0,25.51,18.18
NA,4692174,12.0,24 CT,LA BAND,TORTILLA FLOUR PRESSED 6 IN,2708,N,1.0,17.83,17.83,0.0,0.0,0.0,18.0,17.83
NA,4042321,6.0,36 OZ,NEAR EA,RICE PILAF MIX,5014,N,1.0,17.49,17.49,0.0,0.0,0.0,15.0,17.49
NA,5076611,48.0,4 OZ,YOPLAIT,YOGURT STRAW/BAN BLAST TRIX,70470-17726,N,1.0,17.44,17.44,0.0,0.0,0.0,12.0,17.44
NA,0335259,6.0,64 OZ,SILK,MILK ALMOND UNSWT,136459,N,1.0,17.27,17.27,0.0,0.0,0.0,25.17,17.27
NA,7191505,6.0,28 CT,BIGELOW,TEA HOT BAG GREEN,388,N,1.0,17.24,17.24,0.0,0.0,0.0,1.9,17.24
NA,4398772,1.0,7 CT,PACKER,PINEAPPLE FRESH GOLDEN RIPE,,N,1.0,17.17,17.17,0.0,0.0,0.0,10.0,17.17
NA,1916519,1.0,12 CT,IMPFRSH,LETTUCE ROMAINE FDSVC,74865134446,N,1.0,16.64,16.64,0.0,0.0,0.0,15.0,16.64
NA,5778222,16.0,150 CT,SYS CLS,TOWEL CFOLD 12.75X10.125 1PLY,CB530-SYS,N,1.0,16.05,16.05,0.0,0.0,0.0,15.778,16.05
NA,4685621,10.0,100 CT,SYS CLS,GLOVE NITRILE FDSRV PF BLK XL,304363444,N,0.0,0.0,0.0,1.0,15.98,15.98,0.818,15.98
NA,5854377,50.0,"52X80""",SYS CLS,COVER PLAS BUN PAN RACK 15MC,303679973,N,1.0,15.76,15.76,0.0,0.0,0.0,8.3,15.76
NA,9806472,6.0,6.25 Z,IMP/MCC,SEASONING ITALIAN WHL,900010356,N,0.0,0.0,0.0,2.0,15.76,7.88,0.78,15.76
NA,4068142,200.0,3.5GM,AREZIMP,CHEESE PARM GRTD DRY PKT USA,ARG8142,N,1.0,15.54,15.54,0.0,0.0,0.0,1.54,15.54
NA,5239389,6.0,32 OZ,SYS CLS,EXTRACT VANILLA IMIT,974398,N,0.0,0.0,0.0,3.0,15.33,5.11,6.0,15.33
NA,6638878,6.0,19.50Z,IMP/MCC,SPICE PEPPER BLK WHL,974140,N,0.0,0.0,0.0,1.0,15.05,15.05,1.218,15.05
NA,4767022,1.0,15 DZ,WHLFCLS,EGG SHELL LG GR AA USDA WHT,12315128,N,1.0,14.63,14.63,0.0,0.0,0.0,22.5,14.63
NA,1666163,42.0,2 PK,BLU BNY,POPSICLE ASSORTED TWIN POP,218157,N,1.0,14.56,14.56,0.0,0.0,0.0,9.0,14.56
NA,4671350,1.0,25 LB,SYS IMP,RICE PARBOILED PERFECT,R1YK259Z0,N,1.0,14.41,14.41,0.0,0.0,0.0,25.0,14.41
NA,5186119,500.0,CT,BUNN,FILTER PAPER COFFEE/TEA 1.5GAL,20100.0000,N,1.0,13.89,13.89,0.0,0.0,0.0,6.0,13.89
NA,2004844,1.0,1 LB,IMPFRSH,ROSEMARY FRESH HERB,2004844,N,1.0,13.57,13.57,0.0,0.0,0.0,1.0,13.57
NA,1846553,1.0,5#,EMPIRE,TOMATO SUNDRIED JULENNE,,N,1.0,13.55,13.55,0.0,0.0,0.0,5.0,13.55
NA,4000899,2000.0,1/10OZ,SYS CLS,SUGAR PACKET,4000899,N,1.0,13.27,13.27,0.0,0.0,0.0,12.5,13.27
NA,4736070,12.0,12 OZ,FRENCHS,MUSTARD YELLOW SQZ CLS,417567741,N,1.0,13.05,13.05,0.0,0.0,0.0,9.7,13.05
NA,6300495,24.0,8 OZ,WHLFCLS,MILK HOMOGENIZED ESL,1003886,N,1.0,13.01,13.01,0.0,0.0,0.0,12.0,13.01
NA,4064986,4.0,8.6 LB,INTLIMP,MUSTARD FRENCH WHL GRAIN TIN,10074865664841,N,0.0,0.0,0.0,1.0,13.0,13.0,9.0,13.0
NA,7167471,24.0,.5 PT,WHLFCLS,MILK CHOCOLATE 1% LOW FAT ESL,1003955,N,1.0,12.67,12.67,0.0,0.0,0.0,12.0,12.67
NA,5228275,6.0,1 LB,IMP/MCC,SPICE ALLSPICE GROUND,974220,N,0.0,0.0,0.0,1.0,12.43,12.43,1.0,12.43
NA,5229265,3.0,10 OZ,IMP/MCC,SPICE PARSLEY FLAKE,974322,N,0.0,0.0,0.0,1.0,12.29,12.29,0.633,12.29
NA,2058907,1.0,1 LB,IMPFRSH,PARSLEY ITAL FRESH HERB,2058907,N,1.0,12.29,12.29,0.0,0.0,0.0,0.05,12.29
NA,0331175,6.0,.5 GAL,SYS SUP,CHERRY BORDEAUX WITH STEM,10111709,N,0.0,0.0,0.0,1.0,11.78,11.78,4.5,11.78
NA,5086102,1.0,25 CT,ECOLAB,BANDAGE ADHES FNGRTP BLUE,90061667,N,2.0,11.74,5.87,0.0,0.0,0.0,0.14,11.74
NA,8188841,2.0,2 LB,IMPFRSH,LETTUCE ROMAINE CHOPPED,10734730233946,N,1.0,11.47,11.47,0.0,0.0,0.0,4.0,11.47
NA,4043923,200.0,.5 OZ,SMUCKER,JELLY GRAPE CUP,5150000764,N,1.0,11.19,11.19,0.0,0.0,0.0,7.0,11.19
NA,5793831,6.0,12 CT,SYSCO,PAD SCRUB S-S 35 GRAM 1.25 OZ,434SPB-SYS,N,0.0,0.0,0.0,1.0,11.06,11.06,1.166,11.06
NA,7190481,12.0,16 OZ,ROLAND,PASTE TAHINI,70150,N,0.0,0.0,0.0,2.0,10.72,5.36,2.0,10.72
NA,5041512,2.0,500 CT,SYSCO,FILTER COFFEE PAPER 12 CUP REG,20115.1000,N,1.0,10.61,10.61,0.0,0.0,0.0,4.0,10.61
NA,5229778,6.0,11 OZ,IMP/MCC,SPICE THYME GROUND,974373,N,0.0,0.0,0.0,1.0,10.48,10.48,0.688,10.48
NA,4008314,6.0,13.3OZ,SYS CLS,COOKIE VANILLA WAFER BULK PACK,98490,N,1.0,9.64,9.64,0.0,0.0,0.0,5.0,9.64
NA,9806456,6.0,41.25Z,IMP/MCC,SPICE GARLIC SALT,900010350,N,0.0,0.0,0.0,1.0,9.38,9.38,2.578,9.38
NA,5228671,6.0,14 OZ,IMP/MCC,SPICE CORIANDER GRND,974262,N,0.0,0.0,0.0,1.0,8.62,8.62,0.866,8.62
NA,5085483,1.0,50 CT,ECOLAB,FINGERCOT BLUE NITRILE LATEXFR,90061392,N,2.0,8.5,4.25,0.0,0.0,0.0,0.08,8.5
NA,2004968,1.0,4 OZ,IMPFRSH,TARRAGON FRESH HERB,2004968,N,1.0,8.35,8.35,0.0,0.0,0.0,0.2,8.35
NA,4363453,4.0,24 OZ,MAGIC,SEASONING BLACKENED REDFISH,RED201,N,0.0,0.0,0.0,1.0,8.31,8.31,1.5,8.31
NA,5229612,6.0,6 OZ,IMP/MCC,SPICE ROSEMARY WH,974357,N,0.0,0.0,0.0,1.0,8.03,8.03,0.366,8.03
NA,2037109,1.0,4 OZ,IMPFRSH,MINT FRESH HERB,2037109,N,1.0,6.69,6.69,0.0,0.0,0.0,0.208,6.69
NA,3438292,3.0,32 OZ,ECOLAB,BOTTLE PLAS SPRAY W/TRIG 32OZ,60203-10-11,N,1.0,6.69,6.69,0.0,0.0,0.0,0.3,6.69
NA,2005114,1.0,4 OZ,IMPFRSH,DILL BABY FRESH HERB,2005114,N,1.0,6.67,6.67,0.0,0.0,0.0,0.2,6.67
NA,2004513,1.0,4 OZ,IMPFRSH,BASIL FRESH HERB,2004513,N,1.0,6.33,6.33,0.0,0.0,0.0,0.2,6.33
NA,5265451,6.0,18 OZ.,SYS CLS,SPICE CINNAMON GRND,900029825,N,0.0,0.0,0.0,1.0,5.16,5.16,1.125,5.16
NA,9869108,6.0,32 OZ,SYS CLS,HORSERADISH WHITE PRPD,9037,N,0.0,0.0,0.0,1.0,4.65,4.65,2.0,4.65
NA,5793963,12.0,8X4IN,SYSCO,GRILL BRICK 3.5IN THICK,GB100-SYS,N,0.0,0.0,0.0,2.0,4.4,2.2,1.166,4.4
NA,0444497,8.0,1000CT,SYS CLS,PAPER PATTY SQUARE 5.5 IN,P-55SYSP,N,0.0,0.0,0.0,1.0,4.35,4.35,1.581,4.35
